"Chesapeake, VA"
0.051
0.244
0.428
0.514
0.48200000000000004
0.374
0.22699999999999998
0.03
-0.14400000000000002
-0.214
-0.174
-0.065
0.069
0.299
0.484
0.563
0.573
0.485
0.349
0.09699999999999999
-0.105
-0.21899999999999997
-0.205
-0.133
-0.011000000000000001
0.145
0.34600000000000003
0.518
0.626
0.599
0.509
0.342
0.17600000000000002
0.06
0.040999999999999995
0.105
0.215
0.408
0.599
0.782
0.8390000000000001
0.8170000000000001
0.705
0.495
0.29100000000000004
0.15
0.084
0.111
0.16
0.294
0.47600000000000003
0.68
0.8140000000000001
0.823
0.778
0.644
0.47200000000000003
0.316
0.228
0.191
0.222
0.34
0.529
0.6779999999999999
0.753
0.773
0.711
0.58
0.381
0.212
0.084
0.032
0.036000000000000004
0.076
0.21600000000000003
0.406
0.564
0.652
0.655
0.586
0.435
0.285
0.11900000000000001
0.013999999999999999
-0.018000000000000002
0.048
0.212
0.384
0.532
0.624
0.639
0.5479999999999999
0.428
0.268
0.096
-0.032
-0.114
-0.099
0.006999999999999999
0.153
0.344
0.498
0.588
0.5710000000000001
0.48700000000000004
0.359
0.20600000000000002
0.023
-0.09
-0.1
-0.028999999999999998
0.111
0.276
0.45899999999999996
0.53
0.485
0.435
0.332
0.18
-0.002
-0.153
-0.192
-0.165
-0.043
0.145
0.363
0.51
0.574
0.589
0.563
0.44299999999999995
0.21899999999999997
0.013000000000000001
-0.1
-0.10400000000000001
-0.027999999999999997
0.10300000000000001
0.276
0.444
0.513
0.562
0.541
0.45299999999999996
0.266
0.102
-0.013000000000000001
-0.066
-0.02
0.125
0.33899999999999997
0.561
0.738
0.821
0.856
0.804
0.662
0.429
0.233
0.131
0.08900000000000001
0.151
0.239
0.38799999999999996
0.51
0.635
0.6629999999999999
0.643
0.539
0.344
0.129
-0.013999999999999999
-0.061
0.002
0.15
0.349
0.569
0.759
0.872
0.8740000000000001
0.816
0.645
0.418
0.19699999999999998
0.067
0.039
0.066
0.17800000000000002
0.35700000000000004
0.524
0.6709999999999999
0.732
0.66
0.531
0.32799999999999996
0.11699999999999999
-0.032
-0.073
0.003
0.11199999999999999
0.354
0.61
0.8009999999999999
0.912
0.9109999999999999
0.8140000000000001
0.645
0.377
0.11599999999999999
-0.036000000000000004
-0.095
-0.043
0.051
0.244
0.49700000000000005
0.647
0.6779999999999999
0.603
0.47600000000000003
0.258
0.016
-0.128
-0.19899999999999998
-0.166
0.018000000000000002
0.293
0.574
0.78
0.897
0.885
0.8220000000000001
0.62
0.368
0.07400000000000001
-0.136
-0.19399999999999998
-0.12300000000000001
0.047
0.301
0.563
0.693
0.711
0.639
0.516
0.259
-0.034
-0.212
-0.289
-0.22
-0.033
0.265
0.5660000000000001
0.7879999999999999
0.9259999999999999
0.9259999999999999
0.843
0.608
0.309
0.036000000000000004
-0.138
-0.193
-0.09
0.139
0.41200000000000003
0.6409999999999999
0.794
0.83
0.794
0.633
0.397
0.121
-0.066
-0.098
-0.017
0.171
0.48200000000000004
0.768
0.998
1.131
1.1420000000000001
0.991
0.743
0.43
0.19
0.026000000000000002
0.028999999999999998
0.14800000000000002
0.35600000000000004
0.624
0.862
1.0070000000000001
1.0290000000000001
0.9359999999999999
0.769
0.515
0.278
0.107
0.068
0.17600000000000002
0.369
0.64
0.897
1.131
1.207
1.185
1.03
0.777
0.474
0.20800000000000002
0.08900000000000001
0.107
0.248
0.45
0.7
0.912
1.056
1.034
0.9420000000000001
0.759
0.48200000000000004
0.23600000000000002
0.08199999999999999
0.051
0.154
0.33899999999999997
0.5870000000000001
0.855
1.046
1.113
1.03
0.865
0.61
0.297
0.10099999999999999
0.078
0.11599999999999999
0.26
0.505
0.73
0.946
1.057
1.048
0.9420000000000001
0.747
0.515
0.337
0.20600000000000002
0.22
0.335
0.514
0.7509999999999999
0.992
1.194
1.177
1.06
0.899
0.64
0.401
0.256
0.225
0.276
0.406
0.591
0.799
0.99
1.0490000000000002
1.041
0.972
0.772
0.562
0.37200000000000005
0.304
0.32
0.41100000000000003
0.5820000000000001
0.804
1.002
1.083
1.067
0.9440000000000001
0.746
0.535
0.321
0.196
0.196
0.28600000000000003
0.455
0.6970000000000001
0.897
1.0190000000000001
1.0090000000000001
0.953
0.89
0.73
0.525
0.336
0.24100000000000002
0.33899999999999997
0.446
0.599
0.769
0.953
1.012
0.971
0.895
0.726
0.5579999999999999
0.408
0.408
0.377
0.485
0.579
0.785
0.9670000000000001
1.088
1.0
0.993
0.8590000000000001
0.703
0.523
0.28800000000000003
0.249
0.325
0.41700000000000004
0.601
0.75
0.843
0.893
0.82
0.727
0.581
0.42200000000000004
0.26
0.16
0.156
0.258
0.369
0.544
0.6990000000000001
0.757
0.78
0.742
0.657
0.484
0.308
0.18100000000000002
0.16
0.185
0.23
0.342
0.461
0.55
0.578
0.546
0.483
0.381
0.24600000000000002
0.11800000000000001
0.055999999999999994
0.042
0.091
0.188
0.358
0.488
0.5589999999999999
0.562
0.517
0.397
0.23399999999999999
0.055999999999999994
-0.063
-0.091
-0.078
-0.013000000000000001
0.079
0.217
0.306
0.33899999999999997
0.305
0.249
0.147
0.011000000000000001
-0.1
-0.129
-0.095
0.015
0.193
0.382
0.524
0.619
0.665
0.662
0.5720000000000001
0.434
0.289
0.21
0.17300000000000001
0.184
0.23399999999999999
0.35100000000000003
0.43200000000000005
0.507
0.536
0.537
0.5
0.389
0.259
0.146
0.094
0.19899999999999998
0.42700000000000005
0.61
0.6559999999999999
0.821
0.919
0.988
0.888
0.815
0.652
0.509
0.40700000000000003
0.349
0.34299999999999997
0.37799999999999995
0.455
0.541
0.622
0.664
0.616
0.518
0.327
0.17600000000000002
0.045
0.055999999999999994
0.14400000000000002
0.29600000000000004
0.456
0.5760000000000001
0.7290000000000001
0.7809999999999999
0.755
0.679
0.552
0.364
0.209
0.094
0.065
0.085
0.147
0.271
0.435
0.544
0.5770000000000001
0.539
0.441
0.31
0.149
0.076
0.087
0.174
0.3
0.498
0.6920000000000001
0.841
0.956
0.943
0.8290000000000001
0.718
0.583
0.431
0.326
0.301
0.332
0.41700000000000004
0.512
0.643
0.728
0.711
0.636
0.49700000000000005
0.34600000000000003
0.175
0.08199999999999999
0.053
0.13699999999999998
0.278
0.455
0.624
0.722
0.762
0.7040000000000001
0.591
0.377
0.175
0.006
-0.045
-0.04
0.032
0.166
0.376
0.498
0.5529999999999999
0.541
0.447
0.28800000000000003
0.078
-0.006
-0.057
-0.03
0.062
0.312
0.557
0.6940000000000001
0.7979999999999999
0.841
0.774
0.66
0.461
0.233
0.09300000000000001
0.027999999999999997
0.098
0.267
0.444
0.628
0.7140000000000001
0.7390000000000001
0.685
0.5710000000000001
0.384
0.213
0.102
0.046
0.11900000000000001
0.284
0.494
0.6709999999999999
0.818
0.9159999999999999
0.91
0.795
0.584
0.33799999999999997
0.155
0.049
0.06
0.141
0.306
0.491
0.645
0.7170000000000001
0.738
0.62
0.45299999999999996
0.255
0.052000000000000005
-0.057999999999999996
-0.043
0.059000000000000004
0.248
0.428
0.603
0.763
0.8140000000000001
0.748
0.564
0.325
0.095
-0.078
-0.1
-0.055999999999999994
0.078
0.235
0.418
0.609
0.6829999999999999
0.613
0.514
0.324
0.13699999999999998
-0.031
-0.131
-0.078
0.06
0.24
0.475
0.688
0.785
0.7829999999999999
0.7070000000000001
0.54
0.335
0.114
-0.002
-0.017
0.111
0.28800000000000003
0.506
0.705
0.8290000000000001
0.8740000000000001
0.823
0.682
0.46799999999999997
0.243
0.08800000000000001
0.073
0.16699999999999998
0.31
0.47200000000000003
0.6890000000000001
0.8540000000000001
0.904
0.855
0.73
0.5489999999999999
0.285
0.10400000000000001
0.032
0.08
0.21
0.355
0.518
0.684
0.772
0.7509999999999999
0.653
0.5
0.266
0.11699999999999999
-0.071
-0.122
-0.038
0.001
0.204
0.43799999999999994
0.659
0.613
0.594
0.48700000000000004
0.26
0.136
-0.025
-0.084
-0.078
-0.028999999999999998
0.102
0.322
0.546
0.622
0.61
0.499
0.309
0.10800000000000001
-0.071
-0.16399999999999998
-0.179
-0.079
0.028999999999999998
0.17
0.32299999999999995
0.36200000000000004
0.384
0.33399999999999996
0.301
0.13699999999999998
-0.057
-0.21899999999999997
-0.32
-0.235
-0.092
0.134
0.326
0.484
0.603
0.57
0.444
0.29
0.085
-0.084
-0.207
-0.177
-0.079
0.113
0.271
0.452
0.534
0.53
0.43799999999999994
0.293
0.115
-0.047
-0.145
-0.14300000000000002
-0.062
0.084
0.285
0.474
0.638
0.7170000000000001
0.6679999999999999
0.562
0.385
0.187
0.069
0.055
0.146
0.22
0.349
0.5
0.627
0.7240000000000001
0.722
0.615
0.47100000000000003
0.336
0.242
0.091
0.102
0.156
0.345
0.528
0.662
0.7879999999999999
0.833
0.831
0.784
0.6579999999999999
0.502
0.392
0.284
0.257
0.345
0.446
0.5589999999999999
0.6729999999999999
0.7240000000000001
0.696
0.5820000000000001
0.444
0.265
0.08900000000000001
-0.026000000000000002
-0.064
0.008
0.142
0.327
0.485
0.603
0.6679999999999999
0.652
0.6
0.462
0.24
0.075
0.012
-0.024
0.024
0.163
0.36
0.503
0.5770000000000001
0.605
0.5589999999999999
0.445
0.276
0.087
-0.022000000000000002
-0.051
0.03
0.205
0.426
0.63
0.779
0.8490000000000001
0.858
0.8079999999999999
0.607
0.371
0.193
0.062
0.055999999999999994
0.139
0.311
0.452
0.614
0.718
0.74
0.7
0.5660000000000001
0.366
0.17600000000000002
0.036000000000000004
0.015
0.08800000000000001
0.259
0.475
0.6970000000000001
0.862
0.9359999999999999
0.9420000000000001
0.856
0.669
0.419
0.198
0.067
0.035
0.11199999999999999
0.285
0.505
0.685
0.82
0.8390000000000001
0.775
0.645
0.44799999999999995
0.22
0.091
0.107
0.18100000000000002
0.386
0.675
0.983
1.227
1.3619999999999999
1.41
1.347
1.17
0.8370000000000001
0.613
0.359
0.27699999999999997
0.311
0.529
0.759
0.9490000000000001
1.135
1.122
1.026
0.895
0.63
0.426
0.23800000000000002
0.168
0.299
0.431
0.6659999999999999
0.938
1.2
1.331
1.327
1.205
0.9840000000000001
0.66
0.368
0.185
0.133
0.218
0.395
0.652
0.89
0.996
0.98
0.904
0.728
0.465
0.222
0.039
0.002
0.113
0.33
0.611
0.878
1.084
1.1440000000000001
1.082
0.9129999999999999
0.624
0.306
0.09
-0.013999999999999999
0.01
0.14400000000000002
0.389
0.636
0.857
0.9790000000000001
0.956
0.833
0.633
0.368
0.105
-0.003
0.027999999999999997
0.174
0.382
0.611
0.831
0.996
1.022
0.935
0.752
0.47
0.187
0.002
-0.04
0.021
0.113
0.37200000000000005
0.647
0.8220000000000001
0.892
0.831
0.69
0.47100000000000003
0.193
-0.038
-0.111
-0.08199999999999999
0.016
0.244
0.514
0.7829999999999999
0.914
0.887
0.779
0.584
0.331
0.087
-0.049
-0.092
0.028999999999999998
0.20600000000000002
0.45899999999999996
0.701
0.8370000000000001
0.89
0.813
0.682
0.445
0.17600000000000002
-0.001
-0.08199999999999999
-0.002
0.154
0.375
0.5920000000000001
0.8029999999999999
0.915
0.852
0.74
0.534
0.315
0.10099999999999999
0.019
0.062
0.22399999999999998
0.42100000000000004
0.619
0.81
0.93
0.9440000000000001
0.904
0.785
0.564
0.358
0.195
0.122
0.217
0.375
0.583
0.7829999999999999
0.915
0.9359999999999999
0.884
0.758
0.563
0.314
0.172
0.099
0.18100000000000002
0.29
0.45399999999999996
0.654
0.845
0.894
0.8759999999999999
0.772
0.613
0.413
0.217
0.13
0.11800000000000001
0.19699999999999998
0.32
0.521
0.667
0.7809999999999999
0.7979999999999999
0.726
0.611
0.39
0.218
0.124
0.11
0.168
0.276
0.465
0.6579999999999999
0.79
0.8340000000000001
0.8740000000000001
0.879
0.747
0.54
0.37200000000000005
0.292
0.272
0.34600000000000003
0.519
0.677
0.813
0.8540000000000001
0.856
0.782
0.659
0.522
0.38799999999999996
0.365
0.4
0.491
0.6509999999999999
0.841
0.9940000000000001
1.088
1.148
1.033
0.951
0.7929999999999999
0.6709999999999999
0.48700000000000004
0.371
0.34
0.40299999999999997
0.483
0.552
0.685
0.711
0.674
0.617
0.51
0.327
0.205
0.11
0.106
0.122
0.213
0.35
0.504
0.602
0.613
0.546
0.446
0.27399999999999997
0.145
0.021
-0.024
-0.03
-0.013000000000000001
0.08
0.196
0.28300000000000003
0.28
0.233
0.163
0.055
-0.081
-0.204
-0.27399999999999997
-0.28800000000000003
-0.254
-0.15
0.011000000000000001
0.153
0.213
0.22899999999999998
0.20600000000000002
0.141
0.033
-0.085
-0.177
-0.22399999999999998
-0.22899999999999998
-0.171
-0.073
0.05
0.136
0.17
0.183
0.127
0.011000000000000001
-0.085
-0.179
-0.215
-0.253
-0.182
-0.036000000000000004
0.127
0.28600000000000003
0.364
0.434
0.40700000000000003
0.335
0.218
0.095
-0.011000000000000001
-0.049
-0.036000000000000004
0.067
0.218
0.353
0.44
0.47200000000000003
0.457
0.41600000000000004
0.301
0.16
0.091
0.016
0.077
0.153
0.248
0.37
0.515
0.598
0.608
0.544
0.44
0.321
0.157
0.022000000000000002
-0.043
-0.038
0.047
0.158
0.249
0.361
0.44299999999999995
0.42200000000000004
0.363
0.25
0.10099999999999999
-0.028999999999999998
-0.049
0.04
0.136
0.262
0.46399999999999997
0.58
0.611
0.596
0.564
0.462
0.307
0.17800000000000002
0.043
0.025
0.045
0.162
0.314
0.435
0.55
0.642
0.627
0.5529999999999999
0.426
0.254
0.138
0.13
0.198
0.313
0.527
0.754
0.887
0.948
0.955
0.879
0.79
0.565
0.382
0.267
0.259
0.36
0.485
0.688
0.84
0.9159999999999999
0.9390000000000001
0.8809999999999999
0.736
0.518
0.359
0.249
0.22
0.292
0.474
0.682
0.867
1.0170000000000001
1.07
1.05
0.9690000000000001
0.75
0.528
0.324
0.267
0.301
0.424
0.525
0.753
0.937
0.996
0.9540000000000001
0.86
0.792
0.645
0.462
0.349
0.325
0.408
0.5529999999999999
0.743
0.912
1.024
1.056
0.9740000000000001
0.815
0.591
0.34
0.156
0.109
0.141
0.314
0.556
0.754
0.88
0.927
0.877
0.7490000000000001
0.537
0.32899999999999996
0.16
0.098
0.16399999999999998
0.327
0.56
0.802
1.003
1.1159999999999999
1.097
0.997
0.7909999999999999
0.518
0.31
0.23800000000000002
0.258
0.41
0.585
0.8320000000000001
1.091
1.2570000000000001
1.273
1.189
1.022
0.736
0.43
0.308
0.265
0.426
0.593
0.785
1.002
1.158
1.197
1.143
0.968
0.711
0.493
0.341
0.294
0.315
0.49
0.7170000000000001
0.9279999999999999
1.126
1.24
1.214
1.081
0.9109999999999999
0.664
0.447
0.317
0.327
0.424
0.625
0.8390000000000001
1.022
1.168
1.185
1.14
0.9570000000000001
0.727
0.479
0.298
0.267
0.37200000000000005
0.581
0.7509999999999999
0.9640000000000001
1.124
1.155
1.097
0.929
0.713
0.44
0.252
0.165
0.195
0.344
0.5379999999999999
0.738
0.9
1.041
1.002
0.885
0.7140000000000001
0.486
0.31
0.21
0.23399999999999999
0.34299999999999997
0.522
0.736
0.94
1.072
1.1179999999999999
1.053
0.9129999999999999
0.6829999999999999
0.462
0.318
0.257
0.307
0.424
0.593
0.7829999999999999
0.95
1.018
0.9670000000000001
0.858
0.679
0.45399999999999996
0.305
0.235
0.285
0.374
0.546
0.746
0.9259999999999999
1.064
1.0979999999999999
1.035
0.904
0.698
0.475
0.34
0.251
0.29
0.415
0.561
0.745
0.8690000000000001
0.902
0.872
0.741
0.5589999999999999
0.361
0.239
0.19399999999999998
0.203
0.29
0.46299999999999997
0.695
0.9229999999999999
1.058
1.06
0.971
0.84
0.633
0.441
0.314
0.23
0.23800000000000002
0.321
0.45299999999999996
0.609
0.74
0.775
0.732
0.605
0.447
0.28300000000000003
0.159
0.076
0.073
0.172
0.319
0.5489999999999999
0.732
0.847
0.8640000000000001
0.799
0.684
0.485
0.306
0.161
0.107
0.129
0.213
0.369
0.5479999999999999
0.698
0.7390000000000001
0.7
0.621
0.48700000000000004
0.322
0.191
0.138
0.177
0.298
0.526
0.768
0.977
1.139
1.206
1.2309999999999999
1.15
0.9990000000000001
0.83
0.664
0.598
0.547
0.54
0.674
0.8590000000000001
1.064
1.276
1.5290000000000001
1.639
1.534
1.345
1.18
0.893
0.8759999999999999
0.9059999999999999
1.026
1.2429999999999999
1.344
1.422
1.525
1.472
1.3769999999999998
1.193
0.9620000000000001
0.772
0.604
0.5489999999999999
0.623
0.7759999999999999
0.9279999999999999
1.058
1.1740000000000002
1.208
1.17
1.004
0.802
0.583
0.442
0.41200000000000003
0.51
0.696
0.895
1.113
1.315
1.376
1.365
1.291
1.103
0.851
0.633
0.57
0.598
0.657
0.812
0.997
1.194
1.3330000000000002
1.374
1.262
1.1
0.858
0.659
0.519
0.495
0.581
0.7390000000000001
0.972
1.2109999999999999
1.379
1.446
1.4609999999999999
1.3419999999999999
1.1179999999999999
0.843
0.628
0.503
0.507
0.6459999999999999
0.825
1.032
1.255
1.38
1.358
1.253
1.058
0.807
0.5489999999999999
0.418
0.40299999999999997
0.484
0.677
0.9440000000000001
1.17
1.341
1.426
1.369
1.202
0.9690000000000001
0.69
0.47700000000000004
0.408
0.48700000000000004
0.597
0.815
1.0659999999999998
1.2819999999999998
1.351
1.288
1.1840000000000002
0.9359999999999999
0.6679999999999999
0.429
0.3
0.297
0.402
0.628
0.902
1.1159999999999999
1.272
1.2890000000000001
1.176
0.9940000000000001
0.705
0.415
0.255
0.222
0.267
0.456
0.716
0.99
1.157
1.217
1.139
0.972
0.7440000000000001
0.486
0.28600000000000003
0.139
0.168
0.309
0.575
0.8109999999999999
1.028
1.1420000000000001
1.104
0.97
0.723
0.439
0.23399999999999999
0.083
0.1
0.2
0.41100000000000003
0.745
1.018
1.155
1.13
1.048
0.875
0.655
0.428
0.223
0.109
0.2
0.38799999999999996
0.626
0.846
1.0
1.082
1.0
0.831
0.596
0.337
0.129
0.033
0.10800000000000001
0.303
0.494
0.738
0.937
1.048
1.0190000000000001
0.938
0.8240000000000001
0.545
0.25
0.10099999999999999
0.063
0.157
0.322
0.542
0.7390000000000001
0.8340000000000001
0.867
0.7390000000000001
0.555
0.336
0.11900000000000001
-0.033
-0.107
-0.01
0.196
0.413
0.622
0.7829999999999999
0.838
0.757
0.629
0.436
0.196
-0.019
-0.11599999999999999
-0.091
0.02
0.213
0.418
0.574
0.664
0.63
0.53
0.37799999999999995
0.154
-0.027999999999999997
-0.155
-0.131
0.001
0.187
0.384
0.5710000000000001
0.685
0.7140000000000001
0.64
0.496
0.29
0.08199999999999999
-0.013000000000000001
-0.042
-0.012
0.087
0.26
0.425
0.598
0.664
0.601
0.529
0.384
0.228
0.09699999999999999
0.016
0.109
0.313
0.466
0.602
0.746
0.9129999999999999
1.0270000000000001
0.9490000000000001
0.79
0.542
0.369
0.304
0.293
0.35200000000000004
0.484
0.632
0.7959999999999999
0.888
0.922
0.843
0.706
0.552
0.40399999999999997
0.342
0.342
0.384
0.48200000000000004
0.608
0.775
0.924
0.985
0.9590000000000001
0.868
0.7509999999999999
0.623
0.503
0.456
0.485
0.522
0.599
0.7
0.8190000000000001
0.9009999999999999
0.88
0.83
0.691
0.557
0.43
0.382
0.39399999999999996
0.442
0.5429999999999999
0.652
0.8170000000000001
0.94
0.981
0.955
0.8640000000000001
0.725
0.581
0.42
0.387
0.401
0.447
0.547
0.701
0.747
0.81
0.7759999999999999
0.7509999999999999
0.672
0.569
0.43799999999999994
0.396
0.37
0.431
0.513
0.6779999999999999
0.7959999999999999
0.873
0.899
0.8440000000000001
0.816
0.6920000000000001
0.526
0.449
0.413
0.385
0.39799999999999996
0.49
0.6
0.6779999999999999
0.7120000000000001
0.68
0.598
0.498
0.355
0.257
0.182
0.132
0.165
0.289
0.44799999999999995
0.565
0.639
0.669
0.6890000000000001
0.655
0.6920000000000001
0.62
0.5539999999999999
0.493
0.41
0.423
0.531
0.68
0.7140000000000001
0.684
0.6609999999999999
0.665
0.657
0.575
0.47
0.337
0.24600000000000002
0.292
0.43200000000000005
0.563
0.634
0.6729999999999999
0.711
0.693
0.6
0.499
0.341
0.195
0.102
0.12
0.21600000000000003
0.353
0.498
0.602
0.672
0.7
0.6629999999999999
0.542
0.379
0.223
0.139
0.14400000000000002
0.242
0.34600000000000003
0.513
0.657
0.74
0.779
0.737
0.642
0.485
0.31
0.17600000000000002
0.121
0.152
0.254
0.406
0.565
0.6559999999999999
0.685
0.6890000000000001
0.606
0.462
0.281
0.11
0.023
0.026000000000000002
0.129
0.303
0.48100000000000004
0.653
0.738
0.73
0.71
0.6
0.449
0.242
0.142
0.079
0.174
0.319
0.535
0.735
0.898
0.96
0.879
0.8
0.617
0.503
0.419
0.40299999999999997
0.402
0.43700000000000006
0.593
0.737
0.9109999999999999
1.071
1.065
0.914
0.728
0.531
0.36200000000000004
0.27399999999999997
0.318
0.38299999999999995
0.473
0.672
0.9209999999999999
1.087
1.095
1.022
0.9309999999999999
0.773
0.557
0.409
0.344
0.374
0.521
0.696
0.899
1.063
1.149
1.133
1.0090000000000001
0.815
0.564
0.365
0.263
0.287
0.43200000000000005
0.625
0.858
1.078
1.186
1.167
1.051
0.848
0.575
0.29600000000000004
0.191
0.177
0.27
0.45
0.627
0.818
0.9620000000000001
1.018
0.9359999999999999
0.7809999999999999
0.532
0.308
0.14
0.079
0.146
0.321
0.574
0.833
0.982
1.0659999999999998
1.0190000000000001
0.8490000000000001
0.606
0.327
0.09699999999999999
-0.069
-0.075
0.054000000000000006
0.25
0.495
0.703
0.8370000000000001
0.8420000000000001
0.721
0.526
0.29600000000000004
0.08199999999999999
-0.067
-0.047
0.064
0.258
0.551
0.809
0.972
1.012
0.946
0.8190000000000001
0.534
0.26899999999999996
0.038
-0.08
-0.048
0.113
0.322
0.5539999999999999
0.77
0.873
0.838
0.7120000000000001
0.527
0.28600000000000003
0.071
-0.019
-0.003
0.13699999999999998
0.354
0.617
0.846
0.996
1.023
0.9490000000000001
0.7559999999999999
0.49700000000000005
0.204
0.009000000000000001
-0.026000000000000002
0.055999999999999994
0.175
0.37200000000000005
0.601
0.795
0.843
0.7809999999999999
0.66
0.473
0.23199999999999998
0.071
-0.008
0.049
0.17800000000000002
0.4
0.6629999999999999
0.862
0.973
0.981
0.902
0.7190000000000001
0.456
0.192
0.033
0.011000000000000001
0.07200000000000001
0.209
0.41
0.64
0.787
0.8420000000000001
0.775
0.66
0.462
0.225
0.09699999999999999
0.043
0.11
0.233
0.409
0.6990000000000001
0.919
1.046
1.0270000000000001
0.941
0.75
0.49200000000000005
0.292
0.14400000000000002
0.125
0.183
0.315
0.534
0.721
0.865
0.905
0.836
0.7090000000000001
0.534
0.34
0.18600000000000003
0.136
0.215
0.39299999999999996
0.5710000000000001
0.7829999999999999
0.963
1.073
1.047
0.9159999999999999
0.779
0.586
0.371
0.22699999999999998
0.16
0.185
0.311
0.511
0.647
0.782
0.8370000000000001
0.778
0.6659999999999999
0.49
0.29600000000000004
0.155
0.08199999999999999
0.08800000000000001
0.20199999999999999
0.387
0.62
0.8
0.9009999999999999
0.8909999999999999
0.8
0.652
0.43
0.244
0.125
0.099
0.10800000000000001
0.19699999999999998
0.35
0.529
0.653
0.684
0.649
0.541
0.38299999999999995
0.187
0.016
-0.055999999999999994
-0.049
0.12300000000000001
0.311
0.483
0.633
0.727
0.763
0.6970000000000001
0.58
0.34600000000000003
0.12300000000000001
-0.006999999999999999
-0.06
-0.036000000000000004
0.038
0.22699999999999998
0.426
0.551
0.5920000000000001
0.578
0.514
0.371
0.16
0.01
-0.043
0.034
0.152
0.376
0.633
0.857
1.0590000000000002
1.073
1.0490000000000002
0.8390000000000001
0.636
0.375
0.287
0.263
0.311
0.395
0.522
0.7440000000000001
0.845
0.91
0.897
0.7979999999999999
0.606
0.37200000000000005
0.188
0.09
0.10800000000000001
0.177
0.342
0.561
0.777
0.898
0.9
0.875
0.76
0.56
0.389
0.276
0.20800000000000002
0.233
0.33899999999999997
0.544
0.7340000000000001
0.8590000000000001
0.917
0.887
0.7859999999999999
0.599
0.359
0.134
0.027999999999999997
0.027999999999999997
0.127
0.278
0.48700000000000004
0.67
0.785
0.7829999999999999
0.721
0.5870000000000001
0.353
0.129
-0.021
-0.042
0.04
0.209
0.41200000000000003
0.608
0.763
0.831
0.7979999999999999
0.64
0.414
0.172
0.016
-0.092
-0.10800000000000001
0.016
0.20199999999999999
0.42100000000000004
0.64
0.713
0.7170000000000001
0.644
0.48200000000000004
0.209
-0.006
-0.121
-0.109
0.008
0.20600000000000002
0.43200000000000005
0.654
0.7979999999999999
0.8370000000000001
0.778
0.63
0.389
0.11900000000000001
-0.07200000000000001
-0.146
-0.11800000000000001
0.017
0.203
0.43
0.605
0.72
0.726
0.614
0.413
0.153
-0.021
-0.105
-0.053
0.083
0.298
0.5529999999999999
0.774
0.895
0.9009999999999999
0.8170000000000001
0.638
0.387
0.124
-0.048
-0.078
-0.015
0.141
0.34600000000000003
0.541
0.706
0.7859999999999999
0.7170000000000001
0.5670000000000001
0.361
0.139
-0.008
-0.066
0.043
0.20800000000000002
0.435
0.6559999999999999
0.831
0.9279999999999999
0.898
0.7859999999999999
0.594
0.361
0.11900000000000001
0.015
0.012
0.124
0.265
0.551
0.7170000000000001
0.823
0.843
0.703
0.57
0.4
0.161
0.085
0.07400000000000001
0.19399999999999998
0.354
0.575
0.794
0.935
0.983
0.941
0.7929999999999999
0.606
0.381
0.193
0.11199999999999999
0.162
0.276
0.439
0.631
0.8
0.889
0.848
0.748
0.597
0.389
0.239
0.14800000000000002
0.20199999999999999
0.32
0.509
0.728
0.9540000000000001
1.054
1.071
1.001
0.835
0.629
0.5760000000000001
0.552
0.466
0.503
0.595
0.74
0.915
1.067
1.043
0.956
0.857
0.677
0.444
0.287
0.237
0.24
0.36700000000000005
0.5670000000000001
0.7659999999999999
0.895
0.93
0.898
0.802
0.6409999999999999
0.415
0.247
0.183
0.213
0.284
0.395
0.581
0.745
0.8340000000000001
0.836
0.768
0.6559999999999999
0.499
0.348
0.259
0.244
0.319
0.489
0.659
0.81
0.9209999999999999
0.9520000000000001
0.8909999999999999
0.79
0.608
0.397
0.244
0.204
0.228
0.28
0.451
0.65
0.764
0.8190000000000001
0.782
0.7190000000000001
0.602
0.484
0.369
0.284
0.295
0.38299999999999995
0.529
0.684
0.835
0.9329999999999999
0.9179999999999999
0.843
0.7190000000000001
0.556
0.401
0.29100000000000004
0.247
0.27899999999999997
0.377
0.507
0.633
0.736
0.764
0.738
0.635
0.508
0.366
0.257
0.223
0.258
0.33399999999999996
0.478
0.62
0.7390000000000001
0.782
0.7709999999999999
0.691
0.583
0.39299999999999996
0.294
0.223
0.196
0.262
0.33399999999999996
0.46799999999999997
0.579
0.695
0.7190000000000001
0.6609999999999999
0.5760000000000001
0.449
0.337
0.23
0.191
0.28
0.361
0.511
0.637
0.7090000000000001
0.752
0.695
0.629
0.534
0.384
0.235
0.166
0.196
0.251
0.32799999999999996
0.43700000000000006
0.573
0.66
0.674
0.617
0.544
0.41700000000000004
0.28800000000000003
0.207
0.198
0.26
0.365
0.486
0.625
0.74
0.765
0.735
0.688
0.5660000000000001
0.41700000000000004
0.295
0.255
0.27
0.317
0.42
0.535
0.6409999999999999
0.721
0.718
0.665
0.575
0.429
0.266
0.15
0.098
0.183
0.273
0.389
0.541
0.619
0.6679999999999999
0.941
0.7809999999999999
0.621
0.465
0.303
0.252
0.263
0.376
0.49700000000000005
0.519
0.588
0.7190000000000001
0.682
0.648
0.528
0.376
0.196
0.048
0.02
0.087
0.18600000000000003
0.314
0.494
0.691
0.754
0.7559999999999999
0.654
0.527
0.386
0.302
0.257
0.263
0.33299999999999996
0.469
0.595
0.727
0.809
0.8290000000000001
0.7829999999999999
0.645
0.49700000000000005
0.308
0.21100000000000002
0.179
0.253
0.38299999999999995
0.5579999999999999
0.728
0.868
0.927
0.917
0.821
0.706
0.536
0.408
0.355
0.41600000000000004
0.545
0.7190000000000001
0.917
1.127
1.2409999999999999
1.28
1.2009999999999998
1.091
0.8909999999999999
0.6990000000000001
0.58
0.557
0.653
0.797
0.9540000000000001
1.1079999999999999
1.247
1.274
1.2309999999999999
1.137
0.958
0.755
0.573
0.535
0.565
0.682
0.835
1.035
1.216
1.3130000000000002
1.3030000000000002
1.202
1.001
0.737
0.5
0.366
0.35700000000000004
0.46799999999999997
0.613
0.764
0.97
1.075
1.071
0.966
0.7909999999999999
0.546
0.316
0.177
0.163
0.284
0.467
0.679
0.892
1.06
1.107
1.054
0.894
0.638
0.309
0.083
-0.002
0.033
0.151
0.35200000000000004
0.6940000000000001
0.912
1.033
0.9309999999999999
0.7859999999999999
0.5920000000000001
0.369
0.201
0.052000000000000005
0.016
0.162
0.369
0.625
0.85
1.011
1.046
0.9620000000000001
0.785
0.515
0.19899999999999998
-0.032
-0.126
-0.078
0.08800000000000001
0.332
0.56
0.723
0.836
0.789
0.6809999999999999
0.47100000000000003
0.209
-0.002
-0.092
-0.028999999999999998
0.142
0.35200000000000004
0.637
0.8809999999999999
1.033
1.048
0.934
0.732
0.436
0.138
-0.046
-0.095
-0.019
0.11900000000000001
0.34299999999999997
0.583
0.7979999999999999
0.857
0.782
0.617
0.396
0.141
-0.033
-0.085
-0.031
0.129
0.395
0.6809999999999999
0.9079999999999999
1.056
1.045
0.934
0.723
0.434
0.146
-0.052000000000000005
-0.071
0.025
0.182
0.40700000000000003
0.669
0.838
0.878
0.7759999999999999
0.639
0.428
0.168
0.001
-0.055
0.028999999999999998
0.212
0.489
0.743
0.955
1.074
1.0659999999999998
0.95
0.745
0.461
0.19699999999999998
0.038
0.027999999999999997
0.13
0.273
0.504
0.7390000000000001
0.8740000000000001
0.887
0.804
0.6759999999999999
0.462
0.24600000000000002
0.083
0.040999999999999995
0.11900000000000001
0.315
0.5379999999999999
0.784
1.01
1.124
1.109
0.992
0.789
0.531
0.301
0.198
0.18600000000000003
0.272
0.418
0.626
0.843
0.968
0.99
0.9109999999999999
0.778
0.611
0.424
0.26899999999999996
0.257
0.35
0.498
0.7070000000000001
0.935
1.121
1.193
1.143
1.041
0.8540000000000001
0.635
0.45
0.336
0.315
0.40299999999999997
0.547
0.742
0.9179999999999999
1.03
1.052
0.991
0.8959999999999999
0.6990000000000001
0.509
0.36200000000000004
0.32299999999999995
0.406
0.522
0.7040000000000001
0.91
1.054
1.101
1.067
0.977
0.8190000000000001
0.597
0.376
0.271
0.23600000000000002
0.314
0.45399999999999996
0.6509999999999999
0.8290000000000001
0.943
0.96
0.922
0.8140000000000001
0.624
0.429
0.293
0.235
0.287
0.391
0.565
0.772
0.9109999999999999
0.9640000000000001
0.95
0.885
0.727
0.515
0.365
0.272
0.256
0.36700000000000005
0.5379999999999999
0.74
0.9009999999999999
1.038
1.069
1.0270000000000001
0.9329999999999999
0.805
0.648
0.51
0.446
0.47200000000000003
0.5670000000000001
0.725
0.941
1.097
1.16
1.143
1.09
0.9179999999999999
0.728
0.5539999999999999
0.457
0.46
0.535
0.696
0.883
1.05
1.172
1.2
1.169
1.08
0.912
0.703
0.5329999999999999
0.442
0.46799999999999997
0.5720000000000001
0.7490000000000001
0.941
1.091
1.171
1.166
1.091
0.9570000000000001
0.795
0.611
0.53
0.535
0.606
0.745
0.9390000000000001
1.131
1.2309999999999999
1.268
1.236
1.1340000000000001
0.929
0.7290000000000001
0.568
0.479
0.494
0.5770000000000001
0.7240000000000001
0.899
1.04
1.114
1.087
0.985
0.816
0.593
0.40399999999999997
0.332
0.319
0.446
0.639
0.85
1.033
1.145
1.1640000000000001
1.08
0.929
0.728
0.495
0.336
0.276
0.33799999999999997
0.457
0.606
0.8490000000000001
0.983
1.024
0.978
0.889
0.6859999999999999
0.467
0.28
0.23399999999999999
0.292
0.429
0.633
0.85
1.046
1.149
1.123
1.0090000000000001
0.841
0.607
0.368
0.235
0.214
0.303
0.439
0.611
0.797
0.9179999999999999
0.9279999999999999
0.853
0.72
0.523
0.322
0.187
0.136
0.23399999999999999
0.395
0.605
0.815
0.968
1.048
0.9840000000000001
0.8640000000000001
0.665
0.439
0.22699999999999998
0.11599999999999999
0.145
0.25
0.374
0.5870000000000001
0.777
0.8809999999999999
0.89
0.7929999999999999
0.639
0.426
0.245
0.146
0.17300000000000001
0.307
0.47700000000000004
0.685
0.865
0.9990000000000001
1.031
0.9640000000000001
0.8109999999999999
0.591
0.354
0.177
0.11800000000000001
0.152
0.266
0.405
0.589
0.765
0.86
0.812
0.6970000000000001
0.523
0.32
0.18100000000000002
0.124
0.17800000000000002
0.307
0.484
0.679
0.838
0.9259999999999999
0.9259999999999999
0.828
0.6559999999999999
0.418
0.20800000000000002
0.085
0.069
0.14300000000000002
0.26899999999999996
0.424
0.574
0.7170000000000001
0.76
0.701
0.594
0.423
0.261
0.128
0.11199999999999999
0.20600000000000002
0.319
0.5529999999999999
0.7509999999999999
0.888
0.935
0.903
0.7959999999999999
0.596
0.38
0.245
0.185
0.183
0.205
0.373
0.5760000000000001
0.779
0.882
0.8420000000000001
0.728
0.5770000000000001
0.39899999999999997
0.28
0.226
0.22699999999999998
0.315
0.48100000000000004
0.674
0.838
0.946
0.958
0.9179999999999999
0.7879999999999999
0.569
0.37799999999999995
0.22699999999999998
0.18
0.207
0.301
0.43200000000000005
0.606
0.7340000000000001
0.8009999999999999
0.737
0.617
0.469
0.28
0.151
0.114
0.177
0.32
0.452
0.623
0.7659999999999999
0.833
0.87
0.7979999999999999
0.664
0.466
0.27399999999999997
0.156
0.142
0.221
0.319
0.478
0.608
0.6970000000000001
0.708
0.645
0.535
0.41600000000000004
0.25
0.146
0.109
0.18100000000000002
0.28300000000000003
0.435
0.581
0.688
0.732
0.687
0.5870000000000001
0.41600000000000004
0.248
0.10800000000000001
0.037000000000000005
0.028999999999999998
0.115
0.252
0.415
0.569
0.662
0.6809999999999999
0.625
0.534
0.36700000000000005
0.222
0.158
0.145
0.217
0.325
0.48200000000000004
0.621
0.725
0.73
0.684
0.57
0.434
0.252
0.158
0.11
0.132
0.233
0.35
0.506
0.619
0.708
0.705
0.628
0.532
0.39799999999999996
0.272
0.19699999999999998
0.235
0.278
0.36200000000000004
0.552
0.713
0.762
0.7559999999999999
0.688
0.563
0.406
0.249
0.158
0.124
0.17
0.27899999999999997
0.41600000000000004
0.573
0.677
0.715
0.696
0.63
0.524
0.364
0.242
0.195
0.21100000000000002
0.28600000000000003
0.40700000000000003
0.545
0.6759999999999999
0.721
0.698
0.6709999999999999
0.573
0.39799999999999996
0.228
0.141
0.11900000000000001
0.185
0.287
0.486
0.6709999999999999
0.764
0.8009999999999999
0.767
0.706
0.605
0.425
0.306
0.235
0.26
0.34299999999999997
0.511
0.65
0.7509999999999999
0.8079999999999999
0.768
0.708
0.6
0.42700000000000005
0.285
0.215
0.196
0.268
0.381
0.525
0.649
0.767
0.81
0.784
0.708
0.5589999999999999
0.366
0.221
0.175
0.196
0.255
0.38
0.537
0.659
0.713
0.6940000000000001
0.637
0.498
0.317
0.179
0.107
0.11199999999999999
0.204
0.35
0.523
0.682
0.802
0.857
0.828
0.6970000000000001
0.513
0.29600000000000004
0.14
0.086
0.128
0.21600000000000003
0.348
0.515
0.636
0.7
0.691
0.618
0.45
0.266
0.1
0.022000000000000002
0.04
0.155
0.33299999999999996
0.526
0.733
0.858
0.8909999999999999
0.831
0.6940000000000001
0.47
0.257
0.09300000000000001
0.02
0.05
0.146
0.3
0.484
0.633
0.71
0.6829999999999999
0.597
0.445
0.226
0.064
-0.008
0.015
0.16
0.366
0.596
0.792
0.9159999999999999
0.932
0.866
0.7140000000000001
0.46399999999999997
0.19699999999999998
0.01
-0.054000000000000006
0.002
0.11599999999999999
0.301
0.513
0.687
0.778
0.728
0.624
0.423
0.18899999999999997
0.015
-0.084
-0.028999999999999998
0.133
0.38
0.616
0.823
0.953
0.9670000000000001
0.924
0.725
0.447
0.18
-0.024
-0.047
0.023
0.18100000000000002
0.418
0.665
0.835
0.91
0.8340000000000001
0.677
0.486
0.32299999999999995
0.239
0.153
0.132
0.22399999999999998
0.461
0.79
1.097
1.2329999999999999
1.165
1.013
0.873
0.589
0.34700000000000003
0.113
0.044000000000000004
0.051
0.174
0.436
0.698
0.818
0.8170000000000001
0.718
0.58
0.382
0.111
-0.098
-0.182
-0.159
0.069
0.39899999999999997
0.677
0.893
1.016
1.021
0.905
0.682
0.35
0.053
-0.14400000000000002
-0.17
-0.054000000000000006
0.087
0.319
0.5660000000000001
0.736
0.757
0.657
0.498
0.253
-0.022000000000000002
-0.187
-0.215
-0.131
0.036000000000000004
0.295
0.601
0.772
0.8690000000000001
0.838
0.7020000000000001
0.45799999999999996
0.131
-0.135
-0.284
-0.28800000000000003
-0.184
0.001
0.275
0.529
0.669
0.7020000000000001
0.605
0.44299999999999995
0.21600000000000003
-0.027999999999999997
-0.185
-0.214
-0.115
0.08199999999999999
0.377
0.62
0.841
0.904
0.8590000000000001
0.733
0.48100000000000004
0.18100000000000002
-0.063
-0.195
-0.214
-0.09
0.08900000000000001
0.33899999999999997
0.561
0.6920000000000001
0.7020000000000001
0.617
0.457
0.231
0.013000000000000001
-0.132
-0.15
-0.055999999999999994
0.12
0.35
0.609
0.76
0.846
0.79
0.674
0.449
0.16699999999999998
-0.057
-0.151
-0.134
-0.025
0.16
0.395
0.619
0.731
0.728
0.654
0.528
0.284
0.055
-0.066
-0.094
0.003
0.16
0.387
0.612
0.767
0.818
0.7609999999999999
0.643
0.429
0.138
-0.059000000000000004
-0.131
-0.084
0.015
0.184
0.40399999999999997
0.622
0.723
0.7190000000000001
0.638
0.51
0.281
0.054000000000000006
-0.066
-0.084
-0.039
0.111
0.331
0.5529999999999999
0.696
0.723
0.6679999999999999
0.555
0.359
0.124
-0.025
-0.094
-0.062
0.038
0.226
0.446
0.613
0.706
0.6940000000000001
0.634
0.49700000000000005
0.295
0.091
-0.022000000000000002
-0.043
0.02
0.141
0.322
0.524
0.653
0.696
0.654
0.552
0.368
0.165
0.012
-0.028999999999999998
0.026000000000000002
0.13
0.301
0.513
0.695
0.764
0.759
0.6809999999999999
0.5489999999999999
0.348
0.136
0.032
-0.015
0.018000000000000002
0.125
0.303
0.45799999999999996
0.5820000000000001
0.611
0.5660000000000001
0.469
0.3
0.11900000000000001
-0.003
-0.05
-0.021
0.09699999999999999
0.29600000000000004
0.508
0.6679999999999999
0.732
0.721
0.66
0.5379999999999999
0.341
0.138
0.018000000000000002
-0.009000000000000001
0.061
0.156
0.33399999999999996
0.493
0.5870000000000001
0.608
0.546
0.484
0.312
0.129
0.0
-0.023
0.037000000000000005
0.17800000000000002
0.38799999999999996
0.575
0.691
0.8
0.809
0.754
0.583
0.41100000000000003
0.154
0.064
0.047
0.166
0.252
0.406
0.561
0.684
0.767
0.742
0.626
0.462
0.28300000000000003
0.16
0.17
0.215
0.35
0.526
0.684
0.821
0.872
0.86
0.78
0.606
0.39799999999999996
0.196
0.064
0.042
0.107
0.215
0.36700000000000005
0.537
0.64
0.653
0.574
0.48200000000000004
0.295
0.132
0.036000000000000004
0.036000000000000004
0.14400000000000002
0.308
0.502
0.6759999999999999
0.818
0.86
0.8390000000000001
0.723
0.5589999999999999
0.35200000000000004
0.17
0.081
0.095
0.185
0.332
0.51
0.6729999999999999
0.758
0.7709999999999999
0.6970000000000001
0.5479999999999999
0.353
0.17300000000000001
0.09300000000000001
0.12
0.24100000000000002
0.426
0.61
0.805
0.935
0.973
0.9079999999999999
0.782
0.583
0.384
0.207
0.18
0.223
0.313
0.457
0.638
0.7759999999999999
0.85
0.846
0.737
0.63
0.39
0.29
0.226
0.23800000000000002
0.371
0.569
0.831
0.981
1.079
1.1440000000000001
1.06
0.741
0.5
0.301
0.177
0.177
0.261
0.418
0.541
0.6609999999999999
0.775
0.838
0.7859999999999999
0.655
0.47
0.281
0.273
0.162
0.18
0.315
0.491
0.7040000000000001
0.858
0.946
0.879
0.727
0.5579999999999999
0.341
0.142
0.044000000000000004
0.063
0.136
0.27899999999999997
0.46399999999999997
0.62
0.721
0.6829999999999999
0.599
0.44799999999999995
0.247
0.09300000000000001
0.001
0.027999999999999997
0.14300000000000002
0.315
0.505
0.679
0.794
0.815
0.759
0.6459999999999999
0.445
0.222
0.08199999999999999
0.049
0.102
0.201
0.36
0.529
0.682
0.722
0.693
0.58
0.409
0.247
0.107
0.079
0.114
0.214
0.389
0.578
0.701
0.7809999999999999
0.775
0.6729999999999999
0.496
0.322
0.165
0.079
0.057
0.136
0.31
0.469
0.623
0.754
0.7859999999999999
0.718
0.606
0.441
0.29100000000000004
0.18600000000000003
0.185
0.254
0.39899999999999997
0.579
0.735
0.8490000000000001
0.892
0.845
0.7340000000000001
0.56
0.353
0.201
0.13699999999999998
0.172
0.258
0.374
0.547
0.693
0.778
0.76
0.672
0.54
0.376
0.231
0.168
0.182
0.28300000000000003
0.436
0.594
0.769
0.861
0.868
0.79
0.653
0.486
0.322
0.24100000000000002
0.2
0.20600000000000002
0.332
0.499
0.679
0.782
0.821
0.774
0.73
0.599
0.45
0.305
0.36200000000000004
0.332
0.39
0.48100000000000004
0.6920000000000001
0.774
0.96
1.045
0.866
0.728
0.527
0.43799999999999994
0.306
0.401
0.493
0.645
0.7909999999999999
0.987
1.099
1.072
1.0659999999999998
0.986
0.879
0.726
0.55
0.43700000000000006
0.48
0.57
0.731
0.85
0.96
1.001
0.925
0.8340000000000001
0.708
0.524
0.369
0.306
0.332
0.409
0.529
0.684
0.825
0.935
0.9540000000000001
0.879
0.772
0.61
0.457
0.369
0.37799999999999995
0.391
0.504
0.647
0.774
0.878
0.8859999999999999
0.833
0.698
0.53
0.354
0.23800000000000002
0.18
0.205
0.295
0.46299999999999997
0.615
0.7759999999999999
0.868
0.853
0.7879999999999999
0.6579999999999999
0.475
0.33799999999999997
0.24100000000000002
0.242
0.287
0.385
0.539
0.6679999999999999
0.735
0.753
0.69
0.545
0.381
0.24100000000000002
0.113
0.10099999999999999
0.156
0.295
0.465
0.662
0.851
0.885
0.88
0.815
0.6509999999999999
0.486
0.308
0.196
0.16399999999999998
0.23
0.379
0.525
0.6509999999999999
0.7390000000000001
0.758
0.7120000000000001
0.603
0.45399999999999996
0.28800000000000003
0.161
0.136
0.222
0.348
0.526
0.758
0.915
0.973
0.975
0.892
0.748
0.616
0.501
0.435
0.341
0.40299999999999997
0.5579999999999999
0.721
0.912
0.996
1.001
0.946
0.873
0.6970000000000001
0.507
0.376
0.33799999999999997
0.389
0.499
0.7040000000000001
0.9079999999999999
1.067
1.121
1.113
1.043
0.8640000000000001
0.64
0.406
0.27699999999999997
0.268
0.327
0.461
0.633
0.789
0.877
0.9059999999999999
0.8370000000000001
0.721
0.519
0.331
0.201
0.16899999999999998
0.244
0.397
0.632
0.8690000000000001
1.025
1.1
1.087
0.995
0.8
0.547
0.307
0.188
0.17800000000000002
0.254
0.396
0.594
0.794
0.898
0.8959999999999999
0.831
0.7
0.479
0.259
0.102
0.057999999999999996
0.152
0.376
0.604
0.872
1.05
1.12
1.112
0.975
0.743
0.45899999999999996
0.2
0.069
0.057
0.152
0.311
0.534
0.752
0.883
0.877
0.7879999999999999
0.624
0.387
0.157
-0.006999999999999999
-0.006999999999999999
0.09300000000000001
0.293
0.596
0.858
1.0490000000000002
1.121
1.075
0.9359999999999999
0.688
0.391
0.11800000000000001
-0.013999999999999999
-0.015
0.087
0.264
0.513
0.742
0.857
0.85
0.763
0.594
0.321
0.078
-0.062
-0.07
0.073
0.29
0.578
0.855
1.03
1.079
1.014
0.868
0.593
0.254
-0.009000000000000001
-0.11199999999999999
-0.079
0.037000000000000005
0.218
0.512
0.74
0.8540000000000001
0.8370000000000001
0.733
0.541
0.27
0.012
-0.133
-0.13699999999999998
-0.016
0.212
0.522
0.7909999999999999
0.9740000000000001
1.042
0.98
0.8240000000000001
0.5379999999999999
0.212
-0.046
-0.175
-0.136
0.025
0.23399999999999999
0.52
0.768
0.8740000000000001
0.866
0.765
0.5670000000000001
0.28800000000000003
0.052000000000000005
-0.076
-0.073
0.044000000000000004
0.29600000000000004
0.562
0.812
0.995
1.044
0.9079999999999999
0.7809999999999999
0.515
0.19
0.006999999999999999
-0.09300000000000001
-0.042
0.11900000000000001
0.312
0.562
0.775
0.9229999999999999
0.865
0.787
0.635
0.361
0.132
0.011000000000000001
0.023
0.157
0.35200000000000004
0.591
0.8079999999999999
0.9420000000000001
0.9840000000000001
0.909
0.763
0.517
0.25
0.009000000000000001
-0.040999999999999995
0.028999999999999998
0.20199999999999999
0.435
0.6809999999999999
0.879
0.9390000000000001
0.912
0.816
0.645
0.396
0.16699999999999998
0.09
0.044000000000000004
0.149
0.354
0.617
0.82
0.946
0.9420000000000001
0.875
0.7070000000000001
0.49
0.256
0.084
0.059000000000000004
0.128
0.306
0.523
0.769
0.929
1.0
0.941
0.867
0.691
0.449
0.285
0.165
0.201
0.259
0.433
0.6459999999999999
0.8270000000000001
0.951
0.956
0.888
0.721
0.493
0.278
0.14300000000000002
0.177
0.251
0.392
0.611
0.758
0.927
1.006
0.985
0.883
0.696
0.46799999999999997
0.289
0.21
0.195
0.29600000000000004
0.41100000000000003
0.6
0.752
0.8420000000000001
0.8540000000000001
0.755
0.595
0.40700000000000003
0.245
0.168
0.17
0.256
0.38299999999999995
0.5770000000000001
0.7809999999999999
0.905
0.945
0.885
0.774
0.628
0.435
0.261
0.198
0.188
0.28
0.41
0.556
0.685
0.764
0.755
0.684
0.563
0.401
0.248
0.16399999999999998
0.128
0.19399999999999998
0.376
0.532
0.684
0.8140000000000001
0.862
0.8490000000000001
0.696
0.561
0.35200000000000004
0.213
0.15
0.165
0.22699999999999998
0.33899999999999997
0.48100000000000004
0.615
0.687
0.693
0.635
0.475
0.272
0.102
0.061
0.073
0.157
0.32
0.51
0.672
0.755
0.8140000000000001
0.748
0.645
0.48200000000000004
0.294
0.166
0.132
0.17
0.21
0.284
0.451
0.58
0.652
0.632
0.564
0.435
0.26899999999999996
0.142
0.085
0.11900000000000001
0.19399999999999998
0.359
0.539
0.6829999999999999
0.784
0.789
0.759
0.647
0.486
0.284
0.149
0.091
0.12300000000000001
0.191
0.317
0.45899999999999996
0.581
0.649
0.61
0.54
0.40700000000000003
0.245
0.11900000000000001
0.07
0.11199999999999999
0.215
0.38
0.547
0.693
0.7709999999999999
0.78
0.718
0.5820000000000001
0.41100000000000003
0.21600000000000003
0.073
0.022000000000000002
0.066
0.163
0.29600000000000004
0.452
0.565
0.62
0.58
0.48700000000000004
0.345
0.18
0.053
0.022000000000000002
0.09300000000000001
0.214
0.40700000000000003
0.578
0.732
0.8079999999999999
0.7829999999999999
0.68
0.528
0.319
0.147
0.017
0.01
0.079
0.17300000000000001
0.33399999999999996
0.499
0.609
0.632
0.57
0.451
0.295
0.127
0.039
0.027999999999999997
0.096
0.267
0.451
0.632
0.76
0.809
0.76
0.645
0.47200000000000003
0.268
0.106
0.012
0.036000000000000004
0.12
0.26
0.423
0.569
0.654
0.64
0.565
0.44799999999999995
0.27699999999999997
0.115
0.045
0.07400000000000001
0.185
0.359
0.561
0.728
0.8240000000000001
0.841
0.7829999999999999
0.654
0.46399999999999997
0.263
0.111
0.068
0.115
0.215
0.354
0.515
0.6729999999999999
0.738
0.7120000000000001
0.611
0.439
0.244
0.126
0.078
0.136
0.28300000000000003
0.488
0.684
0.833
0.883
0.89
0.778
0.603
0.37200000000000005
0.21
0.09300000000000001
0.077
0.157
0.27399999999999997
0.451
0.62
0.759
0.733
0.655
0.562
0.392
0.212
0.131
0.109
0.18899999999999997
0.37
0.555
0.738
0.838
0.8740000000000001
0.833
0.715
0.515
0.302
0.155
0.11
0.127
0.20199999999999999
0.349
0.5529999999999999
0.718
0.7959999999999999
0.7809999999999999
0.6709999999999999
0.541
0.353
0.201
0.139
0.168
0.261
0.419
0.6
0.742
0.8320000000000001
0.85
0.79
0.633
0.435
0.209
0.071
0.032
0.135
0.259
0.424
0.601
0.7509999999999999
0.812
0.768
0.682
0.57
0.373
0.21600000000000003
0.147
0.17600000000000002
0.307
0.5
0.7020000000000001
0.831
0.89
0.873
0.7709999999999999
0.604
0.423
0.262
0.17300000000000001
0.193
0.287
0.449
0.624
0.815
0.96
0.955
0.889
0.7559999999999999
0.5760000000000001
0.384
0.262
0.258
0.40700000000000003
0.507
0.667
0.8340000000000001
0.9279999999999999
0.9670000000000001
0.902
0.787
0.606
0.423
0.297
0.261
0.292
0.391
0.5529999999999999
0.733
0.868
0.9420000000000001
0.919
0.812
0.6729999999999999
0.489
0.306
0.222
0.225
0.298
0.42200000000000004
0.5920000000000001
0.755
0.865
0.835
0.7809999999999999
0.643
0.48100000000000004
0.299
0.19699999999999998
0.177
0.22699999999999998
0.35100000000000003
0.537
0.725
0.86
0.9079999999999999
0.8640000000000001
0.77
0.629
0.431
0.27699999999999997
0.19699999999999998
0.21899999999999997
0.29
0.436
0.606
0.742
0.792
0.773
0.688
0.547
0.337
0.18899999999999997
0.11699999999999999
0.099
0.187
0.31
0.512
0.6809999999999999
0.7879999999999999
0.8170000000000001
0.7829999999999999
0.677
0.496
0.301
0.17
0.10800000000000001
0.113
0.209
0.34600000000000003
0.526
0.648
0.7020000000000001
0.6809999999999999
0.599
0.45
0.27899999999999997
0.142
0.057
0.083
0.195
0.374
0.561
0.7390000000000001
0.8640000000000001
0.898
0.8640000000000001
0.758
0.608
0.42100000000000004
0.276
0.18899999999999997
0.20800000000000002
0.273
0.41700000000000004
0.589
0.7140000000000001
0.774
0.7390000000000001
0.6709999999999999
0.505
0.332
0.192
0.149
0.154
0.262
0.43
0.631
0.813
0.934
0.9640000000000001
0.914
0.804
0.628
0.42100000000000004
0.249
0.188
0.22699999999999998
0.32
0.48100000000000004
0.644
0.7859999999999999
0.8420000000000001
0.807
0.7240000000000001
0.594
0.396
0.262
0.179
0.195
0.282
0.451
0.6779999999999999
0.894
1.001
1.012
0.9590000000000001
0.851
0.635
0.392
0.214
0.126
0.141
0.21600000000000003
0.379
0.551
0.7020000000000001
0.764
0.76
0.685
0.522
0.314
0.136
0.057999999999999996
0.063
0.20199999999999999
0.371
0.614
0.807
0.938
0.975
0.935
0.804
0.58
0.316
0.109
0.038
0.036000000000000004
0.114
0.273
0.473
0.621
0.685
0.6559999999999999
0.583
0.41200000000000003
0.18100000000000002
-0.01
-0.092
-0.06
0.04
0.266
0.536
0.779
0.915
0.9740000000000001
0.9
0.773
0.521
0.221
-0.01
-0.109
-0.071
0.05
0.251
0.48
0.667
0.7390000000000001
0.752
0.677
0.504
0.262
0.049
-0.054000000000000006
-0.038
0.08199999999999999
0.307
0.564
0.856
1.035
1.092
1.038
0.852
0.605
0.32299999999999995
0.109
0.024
0.067
0.218
0.424
0.6779999999999999
0.9
1.001
0.975
0.856
0.6579999999999999
0.386
0.157
0.046
0.065
0.185
0.41700000000000004
0.72
1.022
1.155
1.1909999999999998
1.0979999999999999
0.94
0.66
0.34600000000000003
0.128
0.066
0.129
0.253
0.493
0.785
0.977
1.05
1.005
0.879
0.6609999999999999
0.366
0.184
0.105
0.132
0.251
0.501
0.795
1.032
1.159
1.19
1.103
0.9079999999999999
0.595
0.29100000000000004
0.105
0.061
0.138
0.322
0.583
0.862
1.043
1.102
1.041
0.907
0.674
0.426
0.247
0.138
0.17600000000000002
0.33
0.5920000000000001
0.856
1.084
1.209
1.198
1.114
0.912
0.628
0.419
0.24100000000000002
0.24600000000000002
0.36200000000000004
0.522
0.826
1.074
1.214
1.258
1.196
1.06
0.833
0.573
0.35600000000000004
0.272
0.311
0.511
0.7390000000000001
0.956
1.192
1.308
1.307
1.205
1.016
0.769
0.521
0.369
0.33799999999999997
0.456
0.619
0.81
1.04
1.171
1.1909999999999998
1.107
0.972
0.754
0.513
0.33799999999999997
0.28
0.332
0.469
0.6609999999999999
0.877
1.024
1.084
1.026
0.907
0.7040000000000001
0.466
0.271
0.177
0.184
0.294
0.491
0.7040000000000001
0.904
0.986
0.997
0.935
0.809
0.599
0.386
0.222
0.16699999999999998
0.212
0.33299999999999996
0.545
0.718
0.87
0.897
0.845
0.74
0.56
0.35600000000000004
0.213
0.146
0.198
0.32
0.524
0.703
0.894
1.0
0.985
0.9309999999999999
0.768
0.5920000000000001
0.395
0.255
0.207
0.249
0.345
0.5479999999999999
0.6709999999999999
0.792
0.815
0.769
0.654
0.501
0.336
0.23199999999999998
0.21600000000000003
0.258
0.4
0.6
0.762
0.905
0.9620000000000001
0.955
0.857
0.752
0.5529999999999999
0.37799999999999995
0.253
0.247
0.299
0.387
0.534
0.711
0.7809999999999999
0.797
0.753
0.642
0.474
0.309
0.233
0.22699999999999998
0.265
0.359
0.536
0.71
0.841
0.8959999999999999
0.8959999999999999
0.825
0.6990000000000001
0.542
0.369
0.268
0.25
0.29
0.4
0.532
0.655
0.763
0.76
0.723
0.617
0.478
0.318
0.243
0.221
0.262
0.364
0.527
0.708
0.815
0.87
0.85
0.777
0.6809999999999999
0.528
0.35700000000000004
0.272
0.271
0.32299999999999995
0.41100000000000003
0.564
0.706
0.794
0.789
0.748
0.642
0.49
0.337
0.244
0.19899999999999998
0.24100000000000002
0.375
0.545
0.713
0.845
0.938
0.948
0.862
0.7070000000000001
0.574
0.469
0.313
0.326
0.397
0.469
0.604
0.733
0.84
0.848
0.7909999999999999
0.679
0.532
0.40399999999999997
0.32899999999999996
0.303
0.368
0.49700000000000005
0.633
0.807
0.8909999999999999
0.9390000000000001
0.915
0.82
0.66
0.49700000000000005
0.337
0.252
0.259
0.33799999999999997
0.449
0.601
0.711
0.7879999999999999
0.787
0.728
0.612
0.442
0.302
0.23
0.247
0.336
0.485
0.6579999999999999
0.785
0.887
0.932
0.856
0.809
0.644
0.46799999999999997
0.364
0.273
0.301
0.36200000000000004
0.502
0.7
0.8390000000000001
0.917
0.885
0.8270000000000001
0.713
0.531
0.39399999999999996
0.33399999999999996
0.326
0.42100000000000004
0.589
0.77
0.9159999999999999
0.992
0.9940000000000001
0.9440000000000001
0.82
0.6609999999999999
0.467
0.319
0.278
0.307
0.43
0.594
0.7709999999999999
0.88
0.9359999999999999
0.917
0.8
0.611
0.406
0.266
0.207
0.29
0.435
0.624
0.8
0.932
1.006
0.988
0.8959999999999999
0.7340000000000001
0.5329999999999999
0.33399999999999996
0.23800000000000002
0.24600000000000002
0.33
0.465
0.604
0.8079999999999999
0.953
0.96
0.8440000000000001
0.711
0.526
0.33899999999999997
0.158
0.162
0.262
0.425
0.629
0.8440000000000001
0.997
1.018
1.0
0.8809999999999999
0.696
0.467
0.29100000000000004
0.21
0.263
0.37200000000000005
0.529
0.7170000000000001
0.8759999999999999
0.965
0.945
0.8390000000000001
0.677
0.466
0.302
0.228
0.257
0.364
0.524
0.711
0.8640000000000001
0.946
0.9420000000000001
0.851
0.708
0.493
0.281
0.161
0.158
0.256
0.4
0.568
0.774
0.943
0.9840000000000001
0.9229999999999999
0.7879999999999999
0.603
0.39299999999999996
0.245
0.20800000000000002
0.248
0.38299999999999995
0.5660000000000001
0.758
0.894
0.955
0.9279999999999999
0.821
0.655
0.42100000000000004
0.244
0.166
0.18600000000000003
0.281
0.447
0.639
0.835
0.93
0.9329999999999999
0.841
0.684
0.461
0.262
0.152
0.161
0.25
0.409
0.565
0.743
0.8640000000000001
0.9079999999999999
0.846
0.706
0.48
0.237
0.096
0.053
0.122
0.26899999999999996
0.45799999999999996
0.677
0.85
0.925
0.865
0.78
0.589
0.387
0.22
0.132
0.191
0.29
0.47
0.61
0.8059999999999999
0.87
0.8420000000000001
0.767
0.603
0.382
0.204
0.10400000000000001
0.109
0.166
0.33299999999999996
0.5529999999999999
0.747
0.879
0.9109999999999999
0.861
0.7390000000000001
0.5539999999999999
0.358
0.21100000000000002
0.153
0.201
0.326
0.505
0.672
0.825
0.887
0.841
0.722
0.5489999999999999
0.374
0.18100000000000002
0.158
0.183
0.289
0.469
0.6659999999999999
0.865
0.9690000000000001
0.972
0.903
0.769
0.5820000000000001
0.395
0.263
0.22399999999999998
0.28600000000000003
0.397
0.552
0.727
0.871
0.8859999999999999
0.8390000000000001
0.721
0.552
0.36
0.21600000000000003
0.163
0.193
0.311
0.465
0.684
0.8390000000000001
0.943
0.9490000000000001
0.9
0.7929999999999999
0.609
0.42700000000000005
0.27699999999999997
0.287
0.307
0.44299999999999995
0.565
0.748
0.8420000000000001
0.88
0.863
0.804
0.667
0.547
0.473
0.465
0.48100000000000004
0.574
0.72
0.888
1.0270000000000001
1.1440000000000001
1.113
1.034
0.887
0.685
0.46399999999999997
0.318
0.26899999999999996
0.305
0.425
0.578
0.7390000000000001
0.841
0.86
0.813
0.715
0.555
0.391
0.256
0.203
0.254
0.366
0.5489999999999999
0.742
0.917
1.0
1.006
0.943
0.8220000000000001
0.612
0.39899999999999997
0.26
0.213
0.282
0.39899999999999997
0.557
0.722
0.8290000000000001
0.873
0.828
0.7509999999999999
0.595
0.40700000000000003
0.278
0.23199999999999998
0.265
0.371
0.5670000000000001
0.78
0.945
1.043
1.067
1.021
0.8859999999999999
0.6829999999999999
0.45799999999999996
0.33899999999999997
0.299
0.361
0.465
0.602
0.7759999999999999
0.9109999999999999
0.9570000000000001
0.917
0.8170000000000001
0.65
0.43799999999999994
0.28600000000000003
0.23
0.275
0.392
0.575
0.81
1.01
1.137
1.173
1.138
1.0
0.779
0.557
0.391
0.32799999999999996
0.366
0.503
0.6890000000000001
0.8959999999999999
1.037
1.088
1.033
0.925
0.72
0.478
0.29
0.223
0.27399999999999997
0.38299999999999995
0.597
0.8590000000000001
1.0979999999999999
1.242
1.265
1.195
1.018
0.767
0.49200000000000005
0.304
0.22699999999999998
0.263
0.384
0.603
0.8340000000000001
1.004
1.054
0.976
0.875
0.648
0.386
0.165
0.09300000000000001
0.122
0.268
0.49
0.758
0.998
1.1440000000000001
1.1520000000000001
1.073
0.895
0.595
0.29100000000000004
0.109
0.08
0.16
0.299
0.545
0.7879999999999999
0.958
1.023
0.9620000000000001
0.813
0.569
0.282
0.079
-0.01
0.027000000000000003
0.172
0.435
0.7290000000000001
0.951
1.065
1.051
0.948
0.748
0.45299999999999996
0.153
-0.011000000000000001
-0.040999999999999995
0.066
0.255
0.535
0.7979999999999999
0.975
1.025
0.9670000000000001
0.82
0.5589999999999999
0.265
0.06
-0.017
0.047
0.22
0.465
0.742
0.955
1.064
1.047
0.932
0.705
0.418
0.145
0.011000000000000001
0.027000000000000003
0.16
0.369
0.635
0.865
1.005
1.044
0.98
0.797
0.5489999999999999
0.267
0.10300000000000001
0.047
0.11199999999999999
0.27
0.494
0.754
0.943
1.018
0.977
0.857
0.627
0.341
0.121
0.02
0.069
0.225
0.436
0.727
0.9540000000000001
1.021
1.068
0.982
0.8140000000000001
0.536
0.28800000000000003
0.162
0.182
0.285
0.441
0.6809999999999999
0.894
1.044
1.119
1.085
0.9590000000000001
0.7040000000000001
0.37799999999999995
0.214
0.183
0.22699999999999998
0.376
0.62
0.8540000000000001
1.036
1.1420000000000001
1.135
1.033
0.851
0.6
0.386
0.24600000000000002
0.26
0.366
0.528
0.711
0.904
1.023
1.0590000000000002
0.995
0.856
0.634
0.41
0.289
0.262
0.34299999999999997
0.491
0.706
0.9209999999999999
1.104
1.1420000000000001
1.095
0.97
0.792
0.581
0.386
0.29600000000000004
0.315
0.386
0.502
0.691
0.8640000000000001
0.946
0.9109999999999999
0.807
0.6409999999999999
0.434
0.267
0.19399999999999998
0.185
0.259
0.39399999999999996
0.586
0.7659999999999999
0.898
0.925
0.8740000000000001
0.768
0.584
0.387
0.221
0.165
0.183
0.23199999999999998
0.35
0.519
0.636
0.6940000000000001
0.65
0.555
0.42100000000000004
0.258
0.107
0.026000000000000002
0.012
0.11199999999999999
0.25
0.45399999999999996
0.64
0.7509999999999999
0.7909999999999999
0.738
0.653
0.512
0.34600000000000003
0.22399999999999998
0.175
0.19699999999999998
0.28300000000000003
0.431
0.5870000000000001
0.708
0.745
0.7120000000000001
0.644
0.5329999999999999
0.391
0.271
0.21
0.25
0.36
0.488
0.655
0.836
0.9159999999999999
0.934
0.889
0.802
0.66
0.516
0.389
0.33799999999999997
0.36700000000000005
0.467
0.5920000000000001
0.727
0.8140000000000001
0.8490000000000001
0.8490000000000001
0.81
0.7
0.574
0.485
0.46399999999999997
0.47100000000000003
0.565
0.727
0.8909999999999999
1.014
1.091
1.1079999999999999
1.09
1.0090000000000001
0.897
0.7490000000000001
0.631
0.5820000000000001
0.595
0.6679999999999999
0.777
0.892
0.971
0.98
0.963
0.8959999999999999
0.763
0.614
0.507
0.45399999999999996
0.491
0.5710000000000001
0.698
0.86
1.006
1.08
1.0659999999999998
1.0190000000000001
0.899
0.745
0.589
0.466
0.40299999999999997
0.425
0.501
0.616
0.7440000000000001
0.8320000000000001
0.865
0.807
0.7190000000000001
0.578
0.45
0.344
0.305
0.33
0.41200000000000003
0.534
0.685
0.8109999999999999
0.88
0.883
0.825
0.687
0.52
0.337
0.223
0.20800000000000002
0.24100000000000002
0.335
0.451
0.5920000000000001
0.711
0.7509999999999999
0.706
0.639
0.498
0.354
0.244
0.20600000000000002
0.27699999999999997
0.40299999999999997
0.555
0.713
0.85
0.899
0.878
0.78
0.67
0.494
0.327
0.22399999999999998
0.24
0.316
0.41200000000000003
0.5760000000000001
0.735
0.84
0.863
0.7829999999999999
0.6559999999999999
0.522
0.354
0.261
0.256
0.319
0.439
0.622
0.8079999999999999
0.955
0.993
0.945
0.8490000000000001
0.688
0.493
0.32799999999999996
0.253
0.287
0.36200000000000004
0.519
0.6940000000000001
0.845
0.9420000000000001
0.898
0.835
0.731
0.527
0.345
0.28300000000000003
0.28
0.37
0.539
0.726
0.877
0.9470000000000001
0.9690000000000001
0.963
0.826
0.609
0.382
0.304
0.243
0.324
0.5479999999999999
0.6970000000000001
0.872
0.977
1.061
1.026
0.932
0.727
0.5
0.325
0.23800000000000002
0.26899999999999996
0.366
0.564
0.763
0.902
1.012
0.965
0.867
0.691
0.455
0.255
0.13699999999999998
0.121
0.20800000000000002
0.369
0.574
0.7609999999999999
0.897
0.943
0.879
0.6940000000000001
0.48100000000000004
0.278
0.152
0.121
0.203
0.365
0.564
0.7609999999999999
0.895
0.9309999999999999
0.878
0.7809999999999999
0.594
0.402
0.239
0.213
0.271
0.449
0.648
0.851
1.031
1.159
1.1540000000000001
1.057
0.8740000000000001
0.63
0.39799999999999996
0.259
0.275
0.376
0.552
0.7440000000000001
0.953
1.065
1.069
0.9840000000000001
0.825
0.59
0.353
0.221
0.21600000000000003
0.313
0.47200000000000003
0.6809999999999999
0.887
1.054
1.112
1.055
0.9279999999999999
0.716
0.47200000000000003
0.278
0.215
0.249
0.366
0.529
0.732
0.877
0.938
0.9179999999999999
0.807
0.626
0.392
0.16899999999999998
0.07
0.083
0.185
0.36
0.588
0.815
0.973
0.9990000000000001
0.935
0.772
0.541
0.313
0.163
0.13699999999999998
0.19399999999999998
0.315
0.499
0.705
0.847
0.905
0.85
0.755
0.5489999999999999
0.32899999999999996
0.207
0.204
0.245
0.39899999999999997
0.603
0.8170000000000001
1.0070000000000001
1.117
1.114
1.0190000000000001
0.85
0.624
0.42100000000000004
0.259
0.239
0.313
0.456
0.648
0.816
0.951
0.953
0.87
0.7290000000000001
0.526
0.345
0.213
0.17
0.22
0.368
0.5489999999999999
0.743
0.922
1.038
0.998
0.905
0.7509999999999999
0.521
0.289
0.172
0.163
0.242
0.354
0.506
0.6509999999999999
0.762
0.787
0.695
0.5670000000000001
0.387
0.217
0.084
0.051
0.114
0.272
0.47600000000000003
0.675
0.8370000000000001
0.919
0.883
0.794
0.633
0.401
0.19899999999999998
0.08800000000000001
0.078
0.14300000000000002
0.266
0.42100000000000004
0.599
0.691
0.6920000000000001
0.625
0.523
0.379
0.172
0.062
0.046
0.11800000000000001
0.258
0.47200000000000003
0.695
0.861
0.924
0.9109999999999999
0.826
0.653
0.442
0.23600000000000002
0.113
0.111
0.168
0.42100000000000004
0.525
0.675
0.754
0.758
0.7070000000000001
0.637
0.47700000000000004
0.32
0.193
0.18
0.25
0.386
0.616
0.825
1.005
1.068
1.081
0.982
0.826
0.618
0.44799999999999995
0.325
0.28
0.335
0.524
0.7070000000000001
0.863
0.9890000000000001
1.016
0.977
0.856
0.6729999999999999
0.505
0.391
0.307
0.318
0.442
0.631
0.826
0.981
1.075
1.067
1.005
0.833
0.613
0.39399999999999996
0.218
0.19
0.245
0.389
0.563
0.7340000000000001
0.856
0.888
0.8490000000000001
0.74
0.563
0.331
0.187
0.121
0.16
0.281
0.478
0.703
0.877
0.96
0.977
0.9
0.73
0.483
0.228
0.086
0.046
0.087
0.256
0.447
0.635
0.784
0.8340000000000001
0.7859999999999999
0.67
0.473
0.266
0.095
0.013999999999999999
0.062
0.22
0.462
0.736
0.9159999999999999
1.02
1.054
0.958
0.802
0.54
0.295
0.17300000000000001
0.147
0.265
0.47100000000000003
0.7020000000000001
0.9309999999999999
1.1320000000000001
1.22
1.163
1.008
0.83
0.5589999999999999
0.364
0.275
0.29
0.424
0.648
0.9079999999999999
1.128
1.235
1.227
1.11
0.9179999999999999
0.674
0.413
0.26899999999999996
0.235
0.327
0.517
0.773
1.02
1.162
1.198
1.114
0.975
0.715
0.434
0.23600000000000002
0.183
0.261
0.41600000000000004
0.644
0.922
1.13
1.177
1.136
1.0090000000000001
0.7959999999999999
0.5
0.256
0.136
0.155
0.28300000000000003
0.496
0.77
0.9890000000000001
1.117
1.137
1.032
0.83
0.562
0.295
0.12300000000000001
0.08199999999999999
0.158
0.32899999999999996
0.5820000000000001
0.8290000000000001
0.978
1.025
0.958
0.8190000000000001
0.585
0.322
0.109
0.015
0.046
0.228
0.486
0.745
0.953
1.069
1.048
0.9259999999999999
0.741
0.473
0.235
0.07200000000000001
0.062
0.174
0.364
0.61
0.836
0.973
0.9940000000000001
0.924
0.77
0.526
0.281
0.115
0.09
0.193
0.366
0.602
0.861
1.069
1.1440000000000001
1.099
0.968
0.748
0.462
0.251
0.151
0.152
0.26899999999999996
0.446
0.6629999999999999
0.851
0.9640000000000001
0.966
0.925
0.7040000000000001
0.479
0.273
0.16899999999999998
0.226
0.391
0.565
0.826
1.038
1.195
1.215
1.145
1.0090000000000001
0.809
0.584
0.40700000000000003
0.315
0.358
0.483
0.652
0.865
1.013
1.053
1.033
0.951
0.813
0.586
0.419
0.358
0.386
0.522
0.685
0.909
1.092
1.185
1.189
1.09
0.9309999999999999
0.718
0.509
0.369
0.33299999999999996
0.371
0.48100000000000004
0.64
0.792
0.914
0.927
0.868
0.754
0.586
0.406
0.295
0.258
0.29100000000000004
0.42100000000000004
0.621
0.794
0.935
1.014
1.021
0.917
0.789
0.616
0.439
0.35
0.325
0.387
0.47
0.624
0.7609999999999999
0.843
0.84
0.774
0.67
0.511
0.35100000000000003
0.258
0.24
0.314
0.446
0.6
0.755
0.894
0.945
0.909
0.8370000000000001
0.713
0.5579999999999999
0.445
0.377
0.38799999999999996
0.426
0.519
0.667
0.818
0.882
0.863
0.7929999999999999
0.7090000000000001
0.584
0.45799999999999996
0.386
0.39399999999999996
0.44799999999999995
0.569
0.725
0.8759999999999999
0.9890000000000001
1.013
0.981
0.919
0.8109999999999999
0.67
0.568
0.513
0.503
0.5479999999999999
0.669
0.8009999999999999
0.892
0.9420000000000001
0.919
0.877
0.805
0.7020000000000001
0.59
0.526
0.525
0.584
0.67
0.809
0.9590000000000001
1.05
1.084
1.052
1.002
0.903
0.777
0.665
0.6
0.588
0.638
0.759
0.885
0.9790000000000001
1.03
1.028
0.992
0.903
0.794
0.672
0.636
0.6409999999999999
0.6859999999999999
0.763
0.9259999999999999
1.042
1.113
1.138
1.109
1.045
0.9279999999999999
0.8079999999999999
0.674
0.601
0.607
0.6679999999999999
0.777
0.902
0.997
1.047
1.0390000000000001
0.971
0.861
0.701
0.601
0.545
0.5379999999999999
0.61
0.747
0.887
1.011
1.081
1.088
1.081
0.9940000000000001
0.873
0.721
0.609
0.5329999999999999
0.568
0.643
0.77
0.888
1.0090000000000001
1.065
1.041
0.966
0.845
0.687
0.5489999999999999
0.49700000000000005
0.51
0.578
0.6990000000000001
0.86
0.9840000000000001
1.084
1.112
1.058
0.9359999999999999
0.757
0.57
0.449
0.4
0.441
0.541
0.684
0.843
0.9690000000000001
1.008
0.961
0.8590000000000001
0.7020000000000001
0.512
0.369
0.302
0.332
0.43799999999999994
0.598
0.757
0.887
0.981
0.976
0.899
0.763
0.557
0.38299999999999995
0.248
0.24
0.314
0.435
0.621
0.812
0.9359999999999999
0.973
0.922
0.8170000000000001
0.628
0.41600000000000004
0.28
0.247
0.298
0.431
0.602
0.782
0.924
0.988
0.9540000000000001
0.8540000000000001
0.67
0.445
0.263
0.185
0.209
0.3
0.462
0.691
0.875
0.9840000000000001
0.9940000000000001
0.935
0.772
0.547
0.331
0.214
0.20199999999999999
0.281
0.40399999999999997
0.607
0.802
0.953
0.98
0.922
0.787
0.585
0.364
0.19899999999999998
0.13
0.165
0.33399999999999996
0.5579999999999999
0.7809999999999999
0.946
1.025
1.02
0.919
0.718
0.46399999999999997
0.27
0.163
0.184
0.27899999999999997
0.46
0.679
0.879
0.978
0.976
0.88
0.7240000000000001
0.486
0.26
0.11699999999999999
0.102
0.226
0.414
0.649
0.877
1.052
1.109
1.058
0.909
0.679
0.418
0.23399999999999999
0.161
0.18899999999999997
0.33299999999999996
0.54
0.758
0.9490000000000001
1.016
0.975
0.878
0.685
0.44299999999999995
0.23
0.128
0.174
0.312
0.529
0.7609999999999999
0.987
1.1420000000000001
1.175
1.0859999999999999
0.9179999999999999
0.672
0.415
0.23600000000000002
0.18899999999999997
0.266
0.42
0.625
0.8370000000000001
1.001
1.04
0.99
0.858
0.647
0.40299999999999997
0.231
0.204
0.272
0.409
0.636
0.888
1.104
1.21
1.196
1.08
0.893
0.64
0.39399999999999996
0.24100000000000002
0.314
0.35200000000000004
0.49200000000000005
0.721
0.9009999999999999
1.074
1.265
1.159
1.006
0.763
0.588
0.465
0.429
0.526
0.7070000000000001
0.902
1.168
1.368
1.4569999999999999
1.422
1.281
1.084
0.81
0.561
0.431
0.423
0.537
0.708
0.9279999999999999
1.141
1.2690000000000001
1.2819999999999998
1.196
1.057
0.863
0.7
0.5820000000000001
0.606
0.669
0.838
1.078
1.3519999999999999
1.5219999999999998
1.631
1.669
1.5519999999999998
1.425
1.199
1.093
1.015
1.042
1.083
1.2409999999999999
1.396
1.5659999999999998
1.652
1.639
1.56
1.3880000000000001
1.244
1.067
0.914
0.892
0.9420000000000001
1.082
1.255
1.444
1.589
1.635
1.6119999999999999
1.453
1.2790000000000001
1.045
0.853
0.745
0.7509999999999999
0.809
0.94
1.1059999999999999
1.297
1.39
1.3459999999999999
1.239
1.097
0.898
0.72
0.598
0.586
0.6659999999999999
0.8029999999999999
1.022
1.22
1.349
1.376
1.328
1.216
1.034
0.83
0.648
0.5329999999999999
0.53
0.617
0.77
0.981
1.148
1.199
1.2109999999999999
1.1640000000000001
1.042
0.858
0.672
0.56
0.547
0.637
0.78
0.9740000000000001
1.1740000000000002
1.321
1.354
1.34
1.253
1.103
0.904
0.711
0.617
0.59
0.655
0.8029999999999999
0.997
1.159
1.264
1.285
1.247
1.153
0.976
0.79
0.68
0.6709999999999999
0.735
0.855
1.063
1.273
1.432
1.515
1.528
1.475
1.308
1.071
0.872
0.723
0.7090000000000001
0.772
0.909
1.094
1.261
1.357
1.392
1.338
1.224
1.026
0.809
0.645
0.5760000000000001
0.618
0.7440000000000001
0.935
1.1440000000000001
1.3090000000000002
1.392
1.3730000000000002
1.2830000000000001
1.06
0.848
0.62
0.49
0.489
0.584
0.74
0.9540000000000001
1.16
1.2770000000000001
1.3090000000000002
1.252
1.1320000000000001
0.9059999999999999
0.6829999999999999
0.535
0.466
0.496
0.629
0.845
1.054
1.246
1.308
1.284
1.177
0.981
0.728
0.496
0.381
0.39899999999999997
0.498
0.6779999999999999
0.9329999999999999
1.153
1.2790000000000001
1.26
1.1840000000000002
1.041
0.8
0.5539999999999999
0.379
0.313
0.379
0.544
0.782
1.0270000000000001
1.189
1.236
1.188
1.064
0.841
0.5920000000000001
0.373
0.29
0.325
0.449
0.7
0.953
1.143
1.2590000000000001
1.245
1.143
0.9690000000000001
0.698
0.442
0.293
0.262
0.336
0.491
0.7190000000000001
0.929
1.113
1.153
1.069
0.9059999999999999
0.6609999999999999
0.408
0.222
0.161
0.22
0.382
0.626
0.9420000000000001
1.213
1.2819999999999998
1.252
1.092
0.868
0.612
0.365
0.213
0.20800000000000002
0.256
0.444
0.682
0.892
1.01
0.9940000000000001
0.884
0.7040000000000001
0.475
0.228
0.071
0.063
0.182
0.401
0.67
0.895
1.073
1.162
1.093
0.97
0.72
0.452
0.221
0.114
0.136
0.29100000000000004
0.494
0.705
0.894
1.0070000000000001
0.9740000000000001
0.877
0.696
0.467
0.24600000000000002
0.19699999999999998
0.221
0.363
0.578
0.853
1.0859999999999999
1.23
1.2309999999999999
1.143
0.973
0.728
0.483
0.267
0.172
0.239
0.359
0.562
0.74
0.888
0.909
0.8590000000000001
0.7440000000000001
0.552
0.316
0.153
0.107
0.18
0.32
0.52
0.747
0.943
1.042
1.025
0.9179999999999999
0.745
0.515
0.307
0.17300000000000001
0.162
0.237
0.345
0.562
0.7390000000000001
0.835
0.8490000000000001
0.802
0.684
0.491
0.289
0.201
0.175
0.259
0.408
0.596
0.778
0.945
1.0070000000000001
0.9690000000000001
0.84
0.66
0.456
0.275
0.21100000000000002
0.255
0.331
0.447
0.598
0.762
0.8490000000000001
0.8370000000000001
0.762
0.621
0.48100000000000004
0.34299999999999997
0.265
0.305
0.43
0.5820000000000001
0.813
1.014
1.147
1.163
1.067
0.9640000000000001
0.7140000000000001
0.5
0.41100000000000003
0.38
0.44799999999999995
0.498
0.665
0.816
0.97
1.041
0.975
0.8540000000000001
0.698
0.581
0.457
0.397
0.392
0.47700000000000004
0.627
0.7709999999999999
0.893
0.973
0.971
0.895
0.762
0.585
0.434
0.324
0.282
0.282
0.33
0.452
0.616
0.7240000000000001
0.7340000000000001
0.688
0.628
0.51
0.36700000000000005
0.262
0.204
0.23600000000000002
0.33
0.461
0.613
0.736
0.768
0.726
0.6559999999999999
0.52
0.38299999999999995
0.266
0.217
0.177
0.209
0.312
0.455
0.5820000000000001
0.669
0.664
0.617
0.527
0.40399999999999997
0.255
0.147
0.125
0.19899999999999998
0.289
0.414
0.556
0.645
0.6829999999999999
0.637
0.569
0.45799999999999996
0.322
0.203
0.11199999999999999
0.091
0.102
0.154
0.284
0.396
0.442
0.431
0.449
0.39
0.292
0.212
0.141
0.13
0.14300000000000002
0.223
0.385
0.527
0.628
0.655
0.611
0.552
0.424
0.281
0.147
0.085
0.079
0.12300000000000001
0.24100000000000002
0.402
0.51
0.586
0.599
0.585
0.49200000000000005
0.377
0.25
0.175
0.17800000000000002
0.23600000000000002
0.332
0.467
0.588
0.677
0.7170000000000001
0.6990000000000001
0.649
0.523
0.35600000000000004
0.226
0.175
0.19
0.271
0.384
0.525
0.6629999999999999
0.7509999999999999
0.768
0.73
0.631
0.483
0.33799999999999997
0.271
0.264
0.324
0.418
0.5660000000000001
0.68
0.79
0.84
0.8029999999999999
0.733
0.5920000000000001
0.44799999999999995
0.31
0.254
0.293
0.385
0.535
0.7020000000000001
0.851
0.9059999999999999
0.9059999999999999
0.84
0.716
0.568
0.376
0.273
0.257
0.326
0.44299999999999995
0.591
0.7390000000000001
0.8340000000000001
0.875
0.8440000000000001
0.7040000000000001
0.5329999999999999
0.355
0.23399999999999999
0.204
0.263
0.37
0.537
0.7290000000000001
0.873
0.925
0.895
0.8079999999999999
0.662
0.442
0.265
0.166
0.156
0.259
0.4
0.579
0.721
0.8079999999999999
0.831
0.74
0.59
0.381
0.19699999999999998
0.069
0.061
0.128
0.266
0.494
0.6729999999999999
0.828
0.879
0.852
0.7390000000000001
0.519
0.28300000000000003
0.057999999999999996
-0.021
-0.004
0.12300000000000001
0.27699999999999997
0.491
0.649
0.81
0.794
0.6970000000000001
0.503
0.317
0.11
-0.015
-0.025
0.11699999999999999
0.324
0.546
0.775
0.929
0.985
0.955
0.816
0.557
0.304
0.08800000000000001
0.012
0.052000000000000005
0.21899999999999997
0.457
0.664
0.848
0.9229999999999999
0.903
0.91
0.722
0.431
0.196
0.10099999999999999
0.102
0.281
0.546
0.8320000000000001
1.02
1.167
1.186
1.083
0.922
0.664
0.409
0.266
0.19899999999999998
0.21100000000000002
0.37799999999999995
0.601
0.856
1.006
1.056
0.9590000000000001
0.8220000000000001
0.642
0.419
0.242
0.213
0.33399999999999996
0.505
0.74
1.018
1.229
1.321
1.324
1.202
1.003
0.71
0.43200000000000005
0.259
0.23
0.33299999999999996
0.515
0.737
0.9279999999999999
1.05
1.0859999999999999
1.003
0.8540000000000001
0.617
0.392
0.251
0.217
0.321
0.509
0.77
1.006
1.199
1.268
1.238
1.07
0.8
0.52
0.297
0.172
0.196
0.32
0.506
0.718
0.9059999999999999
1.0090000000000001
0.9890000000000001
0.884
0.715
0.436
0.231
0.129
0.147
0.243
0.444
0.711
0.983
1.156
1.2
1.138
0.986
0.75
0.46
0.25
0.16
0.16899999999999998
0.28
0.47100000000000003
0.7070000000000001
0.898
0.995
0.955
0.863
0.66
0.425
0.221
0.11800000000000001
0.14800000000000002
0.259
0.474
0.732
0.9640000000000001
1.104
1.1340000000000001
1.069
0.94
0.684
0.395
0.23
0.21899999999999997
0.261
0.39399999999999996
0.509
0.772
0.9420000000000001
1.041
1.023
0.919
0.7509999999999999
0.5660000000000001
0.396
0.24100000000000002
0.159
0.261
0.408
0.639
0.861
0.978
0.981
0.9229999999999999
0.821
0.569
0.35600000000000004
0.172
0.077
0.08900000000000001
0.183
0.37
0.598
0.7659999999999999
0.831
0.8029999999999999
0.7
0.541
0.318
0.14
0.043
0.039
0.13699999999999998
0.309
0.53
0.7440000000000001
0.862
0.889
0.8290000000000001
0.6759999999999999
0.466
0.233
0.052000000000000005
-0.033
-0.019
0.04
0.205
0.392
0.528
0.596
0.609
0.512
0.379
0.183
0.008
-0.043
-0.055
0.021
0.131
0.361
0.573
0.718
0.735
0.684
0.602
0.41200000000000003
0.185
0.031
0.073
0.135
0.17800000000000002
0.35100000000000003
0.603
0.732
0.804
0.8320000000000001
0.787
0.6409999999999999
0.42100000000000004
0.244
0.079
0.067
0.126
0.256
0.41200000000000003
0.579
0.7120000000000001
0.743
0.716
0.609
0.425
0.198
0.018000000000000002
-0.084
-0.048
0.057999999999999996
0.218
0.392
0.557
0.655
0.6579999999999999
0.606
0.466
0.254
0.134
0.034
-0.012
0.16399999999999998
0.392
0.585
0.772
0.8240000000000001
0.922
0.868
0.794
0.711
0.501
0.38
0.3
0.349
0.434
0.596
0.818
0.971
1.051
1.023
0.95
0.841
0.637
0.413
0.243
0.17800000000000002
0.209
0.332
0.505
0.6709999999999999
0.7979999999999999
0.85
0.826
0.6990000000000001
0.48100000000000004
0.24100000000000002
0.08199999999999999
0.022000000000000002
0.054000000000000006
0.188
0.382
0.604
0.762
0.841
0.8170000000000001
0.7240000000000001
0.552
0.33
0.12300000000000001
-0.02
-0.049
0.025
0.136
0.32799999999999996
0.516
0.633
0.6509999999999999
0.552
0.40700000000000003
0.20800000000000002
-0.015
-0.166
-0.231
-0.171
-0.066
0.18600000000000003
0.413
0.56
0.6409999999999999
0.619
0.526
0.344
0.115
-0.105
-0.20800000000000002
-0.21
-0.131
0.006999999999999999
0.243
0.46
0.578
0.57
0.507
0.366
0.139
-0.057
-0.183
-0.17300000000000001
-0.059000000000000004
0.18100000000000002
0.426
0.703
0.863
0.945
0.888
0.7440000000000001
0.532
0.313
0.12
0.044000000000000004
0.055999999999999994
0.14800000000000002
0.33299999999999996
0.55
0.736
0.8109999999999999
0.7809999999999999
0.67
0.515
0.298
0.10300000000000001
0.03
0.069
0.217
0.447
0.68
0.87
0.9990000000000001
1.035
0.965
0.826
0.573
0.342
0.18600000000000003
0.14
0.201
0.324
0.51
0.711
0.867
0.899
0.83
0.7240000000000001
0.546
0.344
0.134
0.109
0.163
0.331
0.5429999999999999
0.777
0.9470000000000001
1.087
1.061
0.938
0.754
0.507
0.307
0.184
0.18600000000000003
0.281
0.387
0.595
0.7759999999999999
0.858
0.8590000000000001
0.765
0.629
0.42700000000000005
0.243
0.151
0.22399999999999998
0.33799999999999997
0.525
0.7440000000000001
0.871
1.034
1.1179999999999999
1.056
0.922
0.718
0.469
0.284
0.215
0.205
0.28800000000000003
0.43799999999999994
0.585
0.746
0.818
0.794
0.715
0.598
0.42100000000000004
0.282
0.195
0.23199999999999998
0.366
0.529
0.743
0.929
1.047
1.069
0.9740000000000001
0.8109999999999999
0.617
0.409
0.32
0.273
0.344
0.42200000000000004
0.586
0.727
0.846
0.895
0.833
0.7340000000000001
0.583
0.424
0.293
0.29600000000000004
0.34700000000000003
0.45899999999999996
0.612
0.7859999999999999
0.941
0.9940000000000001
0.945
0.826
0.659
0.444
0.287
0.2
0.19899999999999998
0.285
0.386
0.53
0.6709999999999999
0.772
0.777
0.703
0.591
0.431
0.27699999999999997
0.184
0.198
0.25
0.40299999999999997
0.574
0.728
0.826
0.853
0.8009999999999999
0.7040000000000001
0.525
0.33399999999999996
0.2
0.147
0.17
0.22699999999999998
0.326
0.479
0.613
0.667
0.6629999999999999
0.579
0.46799999999999997
0.322
0.21
0.21100000000000002
0.263
0.364
0.46799999999999997
0.65
0.8370000000000001
0.9229999999999999
0.9
0.8340000000000001
0.7090000000000001
0.544
0.409
0.266
0.24600000000000002
0.251
0.332
0.483
0.711
0.833
0.887
0.86
0.789
0.727
0.6
0.441
0.512
0.467
0.39
0.449
0.5589999999999999
0.6920000000000001
0.7659999999999999
0.718
0.637
0.504
0.376
0.263
0.16699999999999998
0.11900000000000001
0.13
0.198
0.325
0.446
0.5579999999999999
0.593
0.573
0.49200000000000005
0.375
0.23600000000000002
0.09
0.005
0.039
0.11599999999999999
0.237
0.341
0.406
0.486
0.47
0.402
0.28300000000000003
0.149
0.018000000000000002
-0.09
-0.125
-0.067
0.026000000000000002
0.157
0.308
0.42200000000000004
0.45
0.44
0.387
0.29600000000000004
0.14300000000000002
0.07
0.055999999999999994
0.105
0.17600000000000002
0.297
0.46299999999999997
0.5820000000000001
0.631
0.607
0.55
0.42
0.308
0.182
0.11699999999999999
0.127
0.183
0.276
0.408
0.565
0.6990000000000001
0.7120000000000001
0.691
0.57
0.5670000000000001
0.457
0.392
0.42200000000000004
0.44
0.48200000000000004
0.5589999999999999
0.6940000000000001
0.826
0.907
0.8640000000000001
0.845
0.657
0.397
0.33299999999999996
0.243
0.292
0.35100000000000003
0.45899999999999996
0.569
0.71
0.835
0.838
0.807
0.7040000000000001
0.522
0.293
0.17
0.07400000000000001
0.1
0.151
0.27399999999999997
0.41700000000000004
0.524
0.5379999999999999
0.484
0.392
0.22699999999999998
0.038
-0.10800000000000001
-0.20600000000000002
-0.205
-0.114
0.047
0.24100000000000002
0.40700000000000003
0.52
0.537
0.48
0.379
0.21100000000000002
0.013999999999999999
-0.083
-0.091
-0.048
0.068
0.214
0.401
0.541
0.61
0.573
0.469
0.302
0.127
-0.037000000000000005
-0.094
-0.031
0.122
0.326
0.551
0.746
0.868
0.87
0.784
0.659
0.429
0.203
0.065
0.018000000000000002
0.048
0.14
0.349
0.535
0.679
0.721
0.6709999999999999
0.5539999999999999
0.381
0.166
0.028999999999999998
-0.001
0.069
0.22899999999999998
0.45299999999999996
0.708
0.9079999999999999
0.995
0.983
0.884
0.6609999999999999
0.425
0.204
0.079
0.052000000000000005
0.122
0.284
0.504
0.682
0.823
0.836
0.7509999999999999
0.599
0.373
0.163
0.039
0.013000000000000001
0.125
0.32299999999999995
0.588
0.828
1.003
1.079
1.056
0.94
0.711
0.423
0.19
0.075
0.057
0.17300000000000001
0.348
0.611
0.8320000000000001
0.9420000000000001
0.9279999999999999
0.84
0.67
0.43700000000000006
0.231
0.115
0.11699999999999999
0.237
0.46799999999999997
0.76
0.991
1.163
1.24
1.2009999999999998
1.036
0.746
0.469
0.239
0.113
0.141
0.258
0.469
0.7120000000000001
0.905
1.0
0.982
0.852
0.6629999999999999
0.389
0.175
0.06
0.059000000000000004
0.2
0.452
0.7240000000000001
0.982
1.163
1.182
1.117
0.95
0.6709999999999999
0.376
0.153
0.068
0.106
0.245
0.466
0.708
0.9129999999999999
1.006
0.958
0.816
0.609
0.336
0.135
0.017
0.043
0.21600000000000003
0.45299999999999996
0.741
0.982
1.125
1.131
1.047
0.865
0.5660000000000001
0.248
0.046
-0.021
0.044000000000000004
0.17600000000000002
0.375
0.631
0.813
0.865
0.813
0.69
0.489
0.21600000000000003
-0.013999999999999999
-0.1
-0.046
0.096
0.32899999999999996
0.595
0.8140000000000001
0.945
0.9690000000000001
0.871
0.7070000000000001
0.409
0.20199999999999999
0.054000000000000006
0.012
0.083
0.209
0.43799999999999994
0.6759999999999999
0.89
0.963
0.917
0.8029999999999999
0.631
0.38799999999999996
0.113
0.175
0.225
0.441
0.593
0.802
0.991
1.12
1.167
1.09
0.857
0.604
0.363
0.22
0.183
0.204
0.326
0.508
0.706
0.867
0.946
0.889
0.804
0.627
0.45299999999999996
0.289
0.213
0.249
0.377
0.57
0.785
0.995
1.0759999999999998
1.056
1.0070000000000001
0.8390000000000001
0.614
0.425
0.298
0.263
0.322
0.40700000000000003
0.535
0.782
0.9390000000000001
0.988
0.892
0.782
0.591
0.41600000000000004
0.22699999999999998
0.16899999999999998
0.212
0.314
0.45299999999999996
0.6659999999999999
0.818
0.887
0.852
0.7609999999999999
0.607
0.425
0.23399999999999999
0.114
0.11699999999999999
0.19399999999999998
0.371
0.561
0.807
0.897
0.948
0.9229999999999999
0.84
0.716
0.495
0.382
0.341
0.33799999999999997
0.418
0.5720000000000001
0.7859999999999999
0.919
0.9470000000000001
0.922
0.792
0.6709999999999999
0.469
0.28300000000000003
0.183
0.09
0.17
0.293
0.507
0.657
0.779
0.7959999999999999
0.76
0.6859999999999999
0.495
0.305
0.127
0.061
0.068
0.161
0.308
0.488
0.584
0.63
0.63
0.563
0.41200000000000003
0.19699999999999998
0.002
-0.12
-0.15
-0.079
0.081
0.28300000000000003
0.47
0.626
0.7070000000000001
0.7070000000000001
0.615
0.531
0.402
0.252
0.18600000000000003
0.195
0.209
0.348
0.504
0.625
0.669
0.667
0.575
0.425
0.22399999999999998
0.031
-0.08800000000000001
-0.114
-0.019
0.12
0.32899999999999996
0.494
0.618
0.6559999999999999
0.596
0.49
0.318
0.111
-0.036000000000000004
-0.10400000000000001
-0.08199999999999999
-0.022000000000000002
0.09699999999999999
0.3
0.46
0.537
0.512
0.419
0.271
0.07200000000000001
-0.1
-0.17800000000000002
-0.165
-0.077
0.11699999999999999
0.344
0.546
0.67
0.6629999999999999
0.639
0.523
0.302
0.077
-0.066
-0.113
-0.081
0.047
0.242
0.469
0.632
0.7390000000000001
0.738
0.631
0.479
0.262
0.126
0.027000000000000003
0.11599999999999999
0.16699999999999998
0.42100000000000004
0.716
0.884
1.014
1.026
0.9640000000000001
0.831
0.596
0.376
0.22
0.179
0.264
0.402
0.6
0.757
0.8909999999999999
0.915
0.88
0.723
0.522
0.297
0.136
0.099
0.138
0.314
0.514
0.695
0.8320000000000001
0.884
0.895
0.8270000000000001
0.642
0.4
0.209
0.067
0.023
0.099
0.244
0.42700000000000005
0.546
0.629
0.609
0.528
0.374
0.19899999999999998
0.036000000000000004
-0.04
-0.063
0.01
0.196
0.43200000000000005
0.635
0.77
0.818
0.7909999999999999
0.655
0.428
0.213
0.055
-0.031
-0.042
0.07
0.21899999999999997
0.406
0.5379999999999999
0.628
0.627
0.637
0.452
0.258
0.048
-0.055
0.049
0.332
0.49200000000000005
0.6890000000000001
0.772
0.892
0.9990000000000001
0.904
0.782
0.547
0.335
0.155
0.087
0.142
0.258
0.41200000000000003
0.573
0.6809999999999999
0.723
0.642
0.505
0.335
0.16
0.04
0.013000000000000001
0.077
0.2
0.353
0.509
0.6559999999999999
0.7140000000000001
0.7020000000000001
0.5770000000000001
0.409
0.168
-0.027999999999999997
-0.109
-0.113
-0.028999999999999998
0.067
0.203
0.341
0.45799999999999996
0.455
0.37200000000000005
0.233
0.04
-0.11
-0.218
-0.20800000000000002
-0.11199999999999999
0.034
0.23
0.41600000000000004
0.534
0.61
0.574
0.447
0.249
0.026000000000000002
-0.109
-0.185
-0.152
-0.062
0.085
0.233
0.401
0.474
0.44
0.342
0.20199999999999999
0.036000000000000004
-0.11699999999999999
-0.17800000000000002
-0.107
0.035
0.203
0.38299999999999995
0.5489999999999999
0.653
0.6659999999999999
0.593
0.43700000000000006
0.221
0.013000000000000001
-0.094
-0.092
-0.006
0.08199999999999999
0.239
0.405
0.524
0.56
0.523
0.40399999999999997
0.233
0.04
-0.049
-0.036000000000000004
0.027999999999999997
0.135
0.253
0.431
0.589
0.648
0.603
0.502
0.33299999999999996
0.11199999999999999
0.033
-0.02
-0.01
0.025
0.11
0.258
0.42100000000000004
0.49
0.512
0.428
0.32899999999999996
0.23199999999999998
0.057
0.01
-0.018000000000000002
0.094
0.18600000000000003
0.32899999999999996
0.506
0.598
0.622
0.563
0.45299999999999996
0.26899999999999996
0.085
0.006
0.091
0.14400000000000002
0.264
0.41700000000000004
0.5589999999999999
0.7090000000000001
0.846
0.833
0.81
0.7340000000000001
0.613
0.491
0.406
0.43700000000000006
0.502
0.631
0.774
0.863
0.946
0.9129999999999999
0.838
0.7090000000000001
0.542
0.384
0.299
0.231
0.271
0.43200000000000005
0.608
0.736
0.8540000000000001
0.867
0.848
0.774
0.674
0.5479999999999999
0.39
0.321
0.32899999999999996
0.39
0.5
0.6
0.71
0.762
0.72
0.631
0.523
0.39799999999999996
0.264
0.175
0.155
0.233
0.345
0.49700000000000005
0.665
0.772
0.8029999999999999
0.785
0.6970000000000001
0.578
0.379
0.28300000000000003
0.256
0.257
0.31
0.385
0.528
0.6509999999999999
0.748
0.7120000000000001
0.6629999999999999
0.527
0.401
0.252
0.188
0.21
0.252
0.409
0.557
0.7240000000000001
0.833
0.856
0.82
0.733
0.575
0.38799999999999996
0.248
0.215
0.237
0.297
0.387
0.527
0.628
0.6709999999999999
0.624
0.562
0.434
0.24600000000000002
0.07400000000000001
-0.002
-0.013000000000000001
0.048
0.196
0.387
0.568
0.6729999999999999
0.715
0.6779999999999999
0.551
0.366
0.171
0.022000000000000002
-0.047
-0.027999999999999997
0.049
0.19899999999999998
0.38
0.513
0.5710000000000001
0.557
0.473
0.345
0.13699999999999998
-0.034
-0.138
-0.145
-0.04
0.12
0.35
0.556
0.705
0.765
0.737
0.65
0.47
0.262
0.081
-0.021
-0.015
0.079
0.157
0.311
0.556
0.585
0.619
0.485
0.324
0.09300000000000001
-0.077
-0.131
-0.125
-0.013999999999999999
0.188
0.445
0.701
0.924
0.95
0.905
0.763
0.511
0.261
0.057
-0.032
-0.031
0.09
0.26899999999999996
0.542
0.752
0.85
0.8029999999999999
0.713
0.542
0.297
0.11900000000000001
0.004
0.023
0.16699999999999998
0.413
0.6940000000000001
0.9570000000000001
1.09
1.143
1.052
0.8640000000000001
0.583
0.272
0.069
-0.032
-0.04
0.053
0.29
0.528
0.727
""
""
""
""
""
""
""
""
""
""
""
""
""
""
""
""
""
""
""
""
""
""
""
""
